project_id,plotid,year,day,landuse,landcover,change_process
35,1,1984,153,Forest,Treed,
35,1,2018,214,Forest,Treed,Stable
35,3,1984,222,Forest,Treed,
35,3,2018,203,Forest,Treed,Stable
35,4,1984,198,Forest,Treed,
35,4,2018,211,Forest,Treed,Stable
35,5,1984,240,Forest,Treed,
35,5,2018,213,Forest,Treed,Stable
35,6,1984,198,Forest,Treed,
35,6,2018,211,Forest,Treed,Stable
35,7,1984,196,Forest,Treed,
35,7,2014,199,Forest,Treed,Stable
35,7,2016,197,Forest,Non-treed,Unknown canopy disturbance
35,7,2018,201,Forest,Treed,Regrowth
35,8,1984,196,Forest,Treed,
35,8,2018,202,Forest,Treed,Stable
35,9,1984,198,Forest,Treed,
35,9,2018,203,Forest,Treed,Stable
35,11,1984,203,Forest,Treed,
35,11,2018,200,Forest,Treed,Stable
35,12,1984,222,Forest,Treed,
35,12,2018,219,Forest,Treed,Stable
35,13,1984,240,Forest,Treed,
35,13,2018,213,Forest,Treed,Stable
35,14,1984,198,Forest,Treed,
35,14,2018,204,Forest,Treed,Stable
35,16,1984,196,Forest,Treed,
35,16,2018,217,Forest,Treed,Stable
35,18,1984,246,Forest,Treed,
35,18,2018,187,Forest,Treed,Stable
35,20,1984,203,Other,Non-treed,
35,20,2018,209,Other,Non-treed,Stable
35,21,1984,171,Forest,Treed,
35,21,2018,192,Forest,Treed,Stable
35,22,1984,198,Forest,Treed,
35,22,2018,194,Forest,Treed,Stable
35,23,1984,173,Forest,Treed,
35,23,2018,194,Forest,Treed,Stable
35,24,1984,178,Forest,Treed,
35,24,2018,198,Forest,Treed,Stable
35,25,1984,256,Forest,Treed,
35,25,2018,189,Forest,Treed,Stable
35,26,1984,158,Forest,Non-treed,
35,26,1999,200,Forest,Treed,Regrowth
35,26,2018,187,Forest,Treed,Stable
35,32,1984,192,Forest,Treed,
35,32,2018,220,Forest,Treed,Stable
35,33,1984,203,Forest,Treed,
35,33,2018,216,Forest,Treed,Stable
35,35,1984,178,Forest,Treed,
35,35,2018,190,Forest,Treed,Stable
35,39,1984,233,Forest,Treed,
35,39,2018,221,Forest,Treed,Stable
35,41,1984,251,Forest,Treed,
35,41,2018,216,Forest,Treed,Stable
35,42,1984,192,Forest,Treed,
35,42,2018,213,Forest,Treed,Stable
35,46,1984,196,Forest,Treed,
35,46,2018,194,Forest,Treed,Stable
35,47,1984,231,Other,Non-treed,
35,47,2018,189,Other,Non-treed,Stable
35,48,1984,177,Forest,Treed,
35,48,2018,206,Forest,Treed,Stable
35,50,1984,215,Forest,Treed,
35,50,2018,188,Forest,Treed,Stable
35,52,1984,196,Forest,Treed,
35,52,2018,209,Forest,Treed,Stable
35,53,1984,215,Forest,Treed,
35,53,2018,189,Forest,Treed,Stable
35,60,1984,215,Forest,Treed,
35,60,2018,212,Forest,Treed,Stable
35,61,1984,223,Other,Non-treed,
35,61,2018,196,Other,Non-treed,Stable
35,62,1984,178,Forest,Treed,
35,62,2018,215,Forest,Treed,Stable
35,65,1984,223,Forest,Treed,
35,65,2018,204,Forest,Treed,Stable
35,66,1984,226,Forest,Treed,
35,66,2018,214,Forest,Treed,Stable
35,67,1984,203,Forest,Treed,
35,67,2018,207,Forest,Treed,Stable
35,68,1984,175,Forest,Treed,
35,68,2018,196,Forest,Treed,Stable
35,69,1984,231,Forest,Treed,
35,69,2018,220,Forest,Treed,Stable
35,72,1984,222,Forest,Treed,
35,72,2018,203,Forest,Treed,Stable
35,73,1984,240,Forest,Treed,
35,73,2018,221,Forest,Treed,Stable
35,74,1984,162,Forest,Treed,
35,74,2018,191,Forest,Treed,Stable
35,76,1984,226,Forest,Treed,
35,76,2018,215,Forest,Treed,Stable
35,70,1984,242,Forest,Treed,
35,70,2014,203,Forest,Treed,Stable
35,70,2018,223,Forest,Non-treed,Unknown canopy disturbance
35,75,1984,240,Forest,Treed,
35,75,2018,237,Forest,Treed,Stable
35,81,1984,178,Forest,Treed,
35,81,2018,215,Forest,Treed,Stable
35,82,1984,196,Forest,Treed,
35,82,2018,201,Forest,Treed,Stable
35,84,1984,203,Forest,Treed,
35,84,2018,215,Forest,Treed,Stable
35,85,1984,199,Forest,Treed,
35,85,2018,220,Forest,Treed,Stable
35,88,1984,196,Forest,Treed,
35,88,2018,217,Forest,Treed,Stable
35,89,1984,190,Forest,Treed,
35,89,2018,203,Forest,Treed,Stable
35,90,1984,215,Forest,Treed,
35,90,2018,212,Forest,Treed,Stable
35,91,1984,222,Forest,Treed,
35,91,2018,203,Forest,Treed,Stable
35,92,1984,192,Forest,Treed,
35,92,2018,213,Forest,Treed,Stable
35,101,1984,233,Forest,Treed,
35,101,2018,191,Forest,Treed,Stable
35,15,1984,226,Forest,Treed,
35,15,2015,151,Forest,Treed,Stable
35,15,2016,177,Forest,Treed,Unknown canopy disturbance
35,15,2018,191,Forest,Treed,Stable
35,19,1984,176,Forest,Treed,
35,19,2002,194,Forest,Treed,Stable
35,19,2003,180,Forest,Non-treed,Unknown canopy disturbance
35,19,2005,202,Forest,Treed,Regrowth
35,19,2018,238,Forest,Treed,Stable
35,29,1984,196,Forest,Treed,
35,29,2018,217,Forest,Treed,Stable
35,31,1984,219,Forest,Treed,
35,31,2018,193,Forest,Treed,Stable
35,34,1984,222,Forest,Treed,
35,34,2002,199,Forest,Treed,Stable
35,34,2004,230,Forest,Treed,Unknown canopy disturbance
35,34,2018,203,Forest,Treed,Stable
35,36,1984,231,Forest,Treed,
35,36,2001,173,Forest,Treed,Stable
35,36,2002,192,Forest,Non-treed,Unknown canopy disturbance
35,36,2018,220,Forest,Treed,Regrowth
35,37,1984,222,Forest,Non-treed,
35,37,2000,187,Forest,Non-treed,Stable
35,37,2001,197,Forest,Treed,Regrowth
35,37,2018,220,Forest,Treed,Stable
35,38,1984,248,Forest,Treed,
35,38,2018,189,Forest,Treed,Stable
35,40,1984,196,Forest,Treed,
35,40,2018,193,Forest,Treed,Stable
35,45,1984,153,Forest,Treed,
35,45,2018,189,Forest,Treed,Stable
35,51,1984,279,Forest,Non-treed,
35,51,1991,218,Forest,Treed,Regrowth
35,51,2018,172,Forest,Treed,Stable
35,55,1984,196,Forest,Treed,
35,55,2018,209,Forest,Treed,Stable
35,56,1984,247,Forest,Treed,
35,56,2018,221,Forest,Treed,Stable
35,57,1984,199,Forest,Treed,
35,57,2018,221,Forest,Treed,Stable
35,58,1984,198,Forest,Non-treed,
35,58,1991,201,Forest,Treed,Regrowth
35,58,2018,196,Forest,Treed,Stable
35,59,1984,203,Forest,Treed,
35,59,2018,200,Forest,Treed,Stable
35,63,1984,203,Forest,Treed,
35,63,1999,203,Forest,Treed,Stable
35,63,2000,207,Forest,Non-treed,Harvest
35,63,2001,200,Forest,Treed,Regrowth
35,63,2018,200,Forest,Treed,Stable
35,64,1984,199,Forest,Non-treed,
35,64,1990,207,Forest,Treed,Regrowth
35,64,2018,221,Forest,Treed,Stable
35,71,1984,215,Forest,Treed,
35,71,2018,188,Forest,Treed,Stable
35,77,1984,175,Forest,Treed,
35,77,2018,196,Forest,Treed,Stable
35,78,1984,178,Forest,Non-treed,
35,78,1988,188,Forest,Treed,Regrowth
35,78,2018,191,Forest,Treed,Stable
35,79,1984,215,Forest,Treed,
35,79,2018,188,Forest,Treed,Stable
35,83,1984,203,Forest,Treed,
35,83,1987,204,Forest,Treed,Stable
35,83,1988,198,Forest,Non-treed,Unknown canopy disturbance
35,83,2018,193,Forest,Treed,Regrowth
35,86,1984,196,Other,Non-treed,
35,86,2018,201,Other,Non-treed,Stable
35,87,1984,226,Forest,Treed,
35,87,2018,214,Forest,Treed,Stable
35,93,1984,241,Forest,Non-treed,
35,93,1999,193,Forest,Treed,Regrowth
35,93,2018,205,Forest,Treed,Stable
35,94,1984,162,Forest,Non-treed,
35,94,1991,188,Forest,Treed,Regrowth
35,94,2018,214,Forest,Treed,Stable
35,95,1984,205,Other,Non-treed,
35,95,2018,203,Other,Non-treed,Stable
35,96,1984,198,Forest,Treed,
35,96,2006,201,Forest,Treed,Stable
35,96,2008,215,Forest,Non-treed,Unknown canopy disturbance
35,96,2018,203,Forest,Non-treed,Stable
35,97,1984,203,Forest,Treed,
35,97,2018,216,Forest,Treed,Stable
35,98,1984,190,Forest,Treed,
35,98,2018,203,Forest,Treed,Stable
35,99,1984,231,Forest,Treed,
35,99,2007,198,Forest,Treed,Stable
35,99,2008,177,Forest,Non-treed,Unknown canopy disturbance
35,99,2018,220,Forest,Treed,Regrowth
35,100,1984,223,Other,Non-treed,
35,100,2018,196,Other,Non-treed,Stable
35,102,1984,203,Forest,Treed,
35,102,2018,185,Forest,Treed,Stable
35,103,1984,203,Forest,Treed,
35,103,2018,193,Forest,Treed,Stable
35,104,1984,203,Forest,Treed,
35,104,2018,184,Forest,Treed,Stable
35,105,1984,198,Forest,Treed,
35,105,2018,204,Forest,Treed,Stable
35,106,1984,226,Forest,Treed,
35,106,2018,215,Forest,Treed,Stable
35,107,1984,128,Forest,Treed,
35,107,2014,186,Forest,Treed,Stable
35,107,2015,197,Forest,Non-treed,Unknown canopy disturbance
35,107,2018,221,Forest,Non-treed,Stable
35,108,1984,173,Forest,Treed,
35,108,2001,203,Forest,Treed,Stable
35,108,2002,198,Forest,Non-treed,Unknown canopy disturbance
35,108,2018,203,Forest,Non-treed,Stable
35,109,1984,222,Forest,Treed,
35,109,2018,203,Forest,Treed,Stable
35,110,1984,215,Forest,Treed,
35,110,2018,203,Forest,Treed,Stable
35,111,1984,219,Forest,Treed,
35,111,1992,200,Forest,Treed,Stable
35,111,1993,218,Forest,Non-treed,Unknown canopy disturbance
35,111,2018,216,Forest,Non-treed,Regrowth
35,112,1984,198,Forest,Treed,
35,112,2018,196,Forest,Treed,Stable
35,113,1984,233,Forest,Treed,
35,113,2018,214,Forest,Treed,Stable
35,114,1984,203,Forest,Treed,
35,114,2018,191,Forest,Treed,Stable
35,115,1984,207,Other,Non-treed,
35,115,2018,204,Other,Non-treed,Stable
35,116,1984,196,Forest,Treed,
35,116,2018,193,Forest,Treed,Stable
35,117,1984,196,Forest,Treed,
35,117,2018,209,Forest,Treed,Stable
35,119,1984,198,Forest,Treed,
35,119,2018,203,Forest,Treed,Stable
35,120,1984,190,Other,Non-treed,
35,120,2018,203,Other,Non-treed,Stable
35,121,1984,203,Forest,Treed,
35,121,2018,200,Forest,Treed,Stable
35,123,1984,137,Forest,Treed,
35,123,2018,213,Forest,Treed,Stable
35,125,1984,171,Forest,Treed,
35,125,2018,223,Forest,Treed,Stable
35,126,1984,176,Forest,Treed,
35,126,2018,221,Forest,Treed,Stable
35,127,1984,233,Forest,Treed,
35,127,2018,182,Forest,Treed,Stable
35,128,1984,171,Forest,Treed,
35,128,2018,216,Forest,Treed,Stable
35,129,1984,178,Forest,Non-treed,
35,129,2000,175,Forest,Non-treed,Stable
35,129,2001,200,Forest,Treed,Regrowth
35,129,2018,191,Forest,Treed,Stable
35,130,1984,247,Forest,Non-treed,
35,130,1992,221,Forest,Treed,Regrowth
35,130,2018,229,Forest,Treed,Stable
35,131,1984,178,Forest,Treed,
35,131,2018,200,Forest,Treed,Stable
35,132,1984,240,Forest,Treed,
35,132,2015,181,Forest,Treed,Stable
35,132,2016,176,Forest,Non-treed,Unknown canopy disturbance
35,132,2018,205,Forest,Non-treed,Stable
35,133,1984,198,Forest,Treed,
35,133,2018,203,Forest,Treed,Stable
35,134,1984,162,Forest,Treed,
35,134,2018,222,Forest,Treed,Stable
35,135,1984,222,Forest,Treed,
35,135,2018,187,Forest,Treed,Stable
35,136,1984,233,Forest,Treed,
35,136,2018,214,Forest,Treed,Stable
35,137,1984,215,Forest,Treed,
35,137,2014,201,Forest,Treed,Stable
35,137,2015,204,Forest,Non-treed,Harvest
35,137,2018,220,Forest,Treed,Regrowth
35,138,1984,215,Forest,Treed,
35,138,2012,188,Forest,Treed,Stable
35,138,2013,198,Forest,Non-treed,Harvest
35,138,2014,209,Forest,Treed,Regrowth
35,138,2018,220,Forest,Treed,Stable
35,139,1984,198,Forest,Treed,
35,139,1997,185,Forest,Treed,Stable
35,139,1998,195,Forest,Non-treed,Unknown canopy disturbance
35,139,2018,202,Forest,Non-treed,Stable
35,140,1984,256,Forest,Treed,
35,140,2018,213,Forest,Treed,Stable
35,141,1984,192,Forest,Treed,
35,141,2018,221,Forest,Treed,Stable
35,142,1984,203,Forest,Non-treed,
35,142,1991,206,Forest,Treed,Regrowth
35,142,2018,200,Forest,Treed,Stable
35,143,1984,190,Forest,Treed,
35,143,2018,211,Forest,Treed,Stable
35,144,1984,203,Forest,Treed,
35,144,2018,209,Forest,Treed,Stable
35,145,1984,137,Forest,Treed,
35,145,2018,206,Forest,Treed,Stable
35,146,1984,192,Forest,Treed,
35,146,2018,220,Forest,Treed,Stable
35,147,1984,223,Forest,Treed,
35,147,2018,196,Forest,Treed,Stable
35,148,1984,190,Forest,Treed,
35,148,2018,203,Forest,Treed,Stable
35,149,1984,198,Other,Non-treed,
35,149,2018,202,Other,Non-treed,Stable
35,150,1984,153,Forest,Treed,
35,150,2018,214,Forest,Treed,Stable
35,151,1984,203,Forest,Treed,
35,151,2018,168,Forest,Treed,Stable
35,152,1984,196,Forest,Treed,
35,152,2018,209,Forest,Treed,Stable
35,153,1984,205,Forest,Treed,
35,153,2016,197,Forest,Treed,Stable
35,153,2018,202,Forest,Non-treed,Harvest
35,154,1984,128,Forest,Treed,
35,154,2018,222,Forest,Treed,Stable
35,155,1984,279,Forest,Treed,
35,155,1997,179,Forest,Treed,Stable
35,155,1998,205,Forest,Non-treed,Unknown canopy disturbance
35,155,2002,192,Forest,Treed,Regrowth
35,155,2018,221,Forest,Treed,Stable
35,156,1984,177,Forest,Treed,
35,156,2018,198,Forest,Treed,Stable
35,157,1984,178,Forest,Treed,
35,157,2018,216,Forest,Treed,Stable
35,158,1984,222,Forest,Treed,
35,158,2018,187,Forest,Treed,Stable
35,160,1984,233,Forest,Treed,
35,160,2018,221,Forest,Treed,Stable
35,162,1984,190,Forest,Treed,
35,162,2018,203,Forest,Treed,Stable
35,163,1984,225,Forest,Treed,
35,163,2018,205,Forest,Treed,Stable
35,164,1984,196,Forest,Treed,
35,164,2018,194,Forest,Treed,Stable
35,165,1984,279,Forest,Treed,
35,165,2018,221,Forest,Treed,Stable
35,166,1984,198,Forest,Treed,
35,166,2018,204,Forest,Treed,Stable
35,167,1984,185,Forest,Treed,
35,167,2018,190,Forest,Treed,Stable
35,169,1984,222,Forest,Treed,
35,169,2018,203,Forest,Treed,Stable
35,170,1984,196,Forest,Treed,
35,170,2018,193,Forest,Treed,Stable
35,171,1984,192,Forest,Treed,
35,171,2018,190,Forest,Treed,Stable
35,174,1984,223,Forest,Treed,
35,174,2018,204,Forest,Treed,Stable
35,175,1984,233,Forest,Treed,
35,175,2011,219,Forest,Treed,Stable
35,175,2012,206,Forest,Non-treed,Harvest
35,175,2018,190,Forest,Non-treed,Stable
35,176,1984,178,Forest,Treed,
35,176,2018,215,Forest,Treed,Stable
35,177,1984,279,Other,Non-treed,
35,177,2018,236,Other,Non-treed,Stable
35,178,1984,215,Forest,Treed,
35,178,2018,203,Forest,Treed,Stable
35,179,1984,178,Forest,Non-treed,
35,179,1990,210,Forest,Non-treed,Stable
35,179,1991,188,Forest,Treed,Regrowth
35,179,2018,198,Forest,Treed,Stable
35,180,1984,247,Forest,Treed,
35,180,2018,220,Forest,Treed,Stable
35,181,1984,226,Forest,Treed,
35,181,2012,199,Forest,Treed,Stable
35,181,2018,191,Forest,Non-treed,Unknown canopy disturbance
35,183,1984,199,Forest,Treed,
35,183,2018,187,Forest,Treed,Stable
35,184,1984,178,Forest,Treed,
35,184,2018,191,Forest,Treed,Stable
35,185,1984,177,Forest,Treed,
35,185,2018,190,Forest,Treed,Stable
35,186,1984,223,Forest,Treed,
35,186,2007,206,Forest,Treed,Stable
35,186,2008,194,Forest,Non-treed,Harvest
35,186,2018,188,Forest,Non-treed,Stable
35,187,1984,215,Forest,Treed,
35,187,2018,188,Forest,Treed,Stable
35,188,1984,192,Forest,Treed,
35,188,1999,185,Forest,Treed,Stable
35,188,2000,204,Forest,Non-treed,Unknown canopy disturbance
35,188,2002,201,Forest,Treed,Regrowth
35,188,2018,190,Forest,Treed,Stable
35,189,1984,173,Forest,Treed,
35,189,2018,194,Forest,Treed,Stable
35,194,1984,196,Forest,Treed,
35,194,2018,209,Forest,Treed,Stable
35,195,1984,233,Forest,Treed,
35,195,2018,190,Forest,Treed,Stable
35,196,1984,112,Forest,Treed,
35,196,2018,245,Forest,Treed,Stable
35,197,1984,203,Forest,Treed,
35,197,2018,193,Forest,Treed,Stable
35,198,1984,205,Forest,Treed,
35,198,1994,184,Forest,Treed,Stable
35,198,1995,203,Other,Non-treed,Unknown canopy disturbance
35,198,2018,194,Other,Non-treed,Stable
35,201,1984,202,Forest,Treed,
35,201,2018,199,Forest,Treed,Stable
35,202,1984,196,Forest,Treed,
35,202,2018,209,Forest,Treed,Stable
35,203,1984,203,Other,Non-treed,
35,203,2018,192,Other,Non-treed,Stable
35,204,1984,182,Forest,Treed,
35,204,2018,194,Forest,Treed,Stable
35,205,1984,279,Forest,Treed,
35,205,2006,163,Forest,Treed,Stable
35,205,2007,199,Forest,Non-treed,Unknown canopy disturbance
35,205,2018,229,Forest,Non-treed,Stable
35,206,1984,231,Forest,Treed,
35,206,2018,213,Forest,Treed,Stable
35,207,1984,225,Forest,Treed,
35,207,2018,205,Forest,Treed,Stable
35,208,1984,233,Forest,Treed,
35,208,2018,190,Forest,Treed,Stable
35,209,1984,223,Forest,Treed,
35,209,2018,205,Forest,Treed,Stable
35,210,1984,198,Forest,Non-treed,
35,210,1997,176,Forest,Treed,Regrowth
35,210,2018,202,Forest,Treed,Stable
35,211,1984,198,Forest,Treed,
35,211,1988,185,Forest,Treed,Stable
35,211,1989,194,Forest,Non-treed,Unknown canopy disturbance
35,211,2000,194,Forest,Treed,Regrowth
35,211,2013,212,Forest,Treed,Stable
35,211,2014,200,Forest,Non-treed,Unknown canopy disturbance
35,211,2018,195,Forest,Non-treed,Stable
35,213,1984,196,Forest,Treed,
35,213,2018,193,Forest,Treed,Stable
35,215,1984,231,Forest,Treed,
35,215,2018,220,Forest,Treed,Stable
35,216,1984,171,Forest,Treed,
35,216,2018,216,Forest,Treed,Stable
35,217,1984,203,Forest,Treed,
35,217,2018,201,Forest,Treed,Stable
35,218,1984,233,Forest,Treed,
35,218,2018,214,Forest,Treed,Stable
35,220,1984,178,Forest,Treed,
35,220,2013,193,Forest,Treed,Stable
35,220,2014,196,Forest,Non-treed,Harvest
35,220,2018,191,Forest,Non-treed,Stable
35,221,1984,178,Forest,Treed,
35,221,2018,200,Forest,Treed,Stable
35,222,1984,153,Forest,Treed,
35,222,2018,191,Forest,Treed,Stable
35,223,1984,235,Forest,Treed,
35,223,2018,207,Forest,Treed,Stable
35,224,1984,231,Forest,Treed,
35,224,2018,189,Forest,Treed,Stable
35,225,1984,203,Forest,Treed,
35,225,2018,201,Forest,Treed,Stable
35,226,1984,222,Forest,Treed,
35,226,2018,187,Forest,Treed,Stable
35,227,1984,223,Forest,Treed,
35,227,2018,205,Forest,Treed,Stable
35,228,1984,192,Forest,Treed,
35,228,2018,213,Forest,Treed,Stable
35,229,1984,198,Forest,Treed,
35,229,2018,195,Forest,Treed,Stable
35,230,1984,198,Forest,Treed,
35,230,2018,203,Forest,Treed,Stable
35,231,1984,198,Forest,Treed,
35,231,2018,202,Forest,Treed,Stable
35,232,1984,128,Forest,Treed,
35,232,2018,221,Forest,Treed,Stable
35,234,1984,219,Forest,Treed,
35,234,2018,201,Forest,Treed,Stable
35,235,1984,203,Forest,Treed,
35,235,2018,216,Forest,Treed,Stable
35,236,1984,247,Forest,Treed,
35,236,2018,149,Forest,Treed,Stable
35,237,1984,205,Forest,Treed,
35,237,2018,218,Forest,Treed,Stable
35,238,1984,177,Forest,Treed,
35,238,2014,195,Forest,Treed,Stable
35,238,2015,198,Forest,Non-treed,Unknown canopy disturbance
35,238,2018,190,Forest,Non-treed,Stable
35,239,1984,219,Forest,Treed,
35,239,2018,193,Forest,Treed,Stable
35,241,1984,162,Forest,Treed,
35,241,2018,191,Forest,Treed,Stable
35,242,1984,225,Other,Non-treed,
35,242,2018,205,Other,Non-treed,Stable
35,243,1984,196,Other,Non-treed,
35,243,2018,193,Other,Non-treed,Stable
35,244,1984,242,Forest,Treed,
35,244,2018,190,Forest,Treed,Stable
35,247,1984,196,Forest,Treed,
35,247,2018,202,Forest,Treed,Stable
35,248,1984,219,Forest,Treed,
35,248,2016,195,Forest,Treed,Stable
35,248,2018,191,Forest,Treed,Unknown canopy disturbance
35,249,1984,199,Forest,Non-treed,
35,249,1987,200,Forest,Treed,Regrowth
35,249,2018,221,Forest,Treed,Stable
35,250,1984,196,Forest,Treed,
35,250,2018,194,Forest,Treed,Stable
35,251,1984,223,Forest,Non-treed,
35,251,1985,209,Forest,Treed,Regrowth
35,251,2018,212,Forest,Treed,Stable
35,252,1984,196,Forest,Treed,
35,252,2018,201,Forest,Treed,Stable
35,253,1984,235,Forest,Non-treed,
35,253,1995,160,Forest,Non-treed,Stable
35,253,1997,181,Forest,Treed,Regrowth
35,253,2018,191,Forest,Treed,Stable
35,254,1984,167,Forest,Treed,
35,254,2018,220,Forest,Treed,Stable
35,255,1984,171,Forest,Treed,
35,255,2018,215,Forest,Treed,Stable
35,256,1984,231,Forest,Treed,
35,256,2018,203,Forest,Treed,Stable
35,257,1984,222,Forest,Treed,
35,257,2018,187,Forest,Treed,Stable
35,258,1984,171,Forest,Treed,
35,258,2018,200,Forest,Treed,Stable
35,259,1984,231,Forest,Treed,
35,259,2018,220,Forest,Treed,Stable
35,260,1984,196,Forest,Treed,
35,260,1997,183,Forest,Treed,Stable
35,260,1998,154,Forest,Non-treed,Unknown canopy disturbance
35,260,2018,193,Forest,Treed,Regrowth
35,261,1984,178,Forest,Treed,
35,261,2018,207,Forest,Treed,Stable
35,262,1984,192,Forest,Treed,
35,262,2018,213,Forest,Treed,Stable
35,263,1984,203,Forest,Treed,
35,263,2014,205,Forest,Treed,Stable
35,263,2015,200,Forest,Non-treed,Unknown canopy disturbance
35,263,2018,216,Forest,Non-treed,Stable
35,264,1984,198,Forest,Treed,
35,264,2018,202,Forest,Treed,Stable
35,265,1984,248,Forest,Treed,
35,265,2018,205,Forest,Treed,Stable
35,266,1984,198,Forest,Treed,
35,266,2018,204,Forest,Treed,Stable
35,268,1984,247,Forest,Treed,
35,268,2018,220,Forest,Treed,Stable
35,269,1984,226,Forest,Treed,
35,269,2018,223,Forest,Treed,Stable
35,270,1984,190,Forest,Treed,
35,270,1988,209,Forest,Treed,Stable
35,270,1989,252,Forest,Non-treed,Unknown canopy disturbance
35,270,1996,159,Forest,Treed,Regrowth
35,270,2018,211,Forest,Treed,Stable
35,271,1984,215,Forest,Treed,
35,271,2018,188,Forest,Treed,Stable
35,272,1984,231,Forest,Non-treed,
35,272,1995,213,Forest,Treed,Regrowth
35,272,2018,220,Forest,Treed,Stable
35,273,1984,196,Forest,Treed,
35,273,2018,201,Forest,Treed,Stable
35,274,1984,198,Forest,Treed,
35,274,2018,202,Forest,Treed,Stable
35,275,1984,198,Forest,Treed,
35,275,2018,194,Forest,Treed,Stable
35,276,1984,235,Forest,Non-treed,
35,276,1985,189,Forest,Treed,Regrowth
35,276,2018,216,Forest,Treed,Stable
35,279,1984,226,Forest,Treed,
35,279,2018,214,Forest,Treed,Stable
35,278,1984,242,Forest,Treed,
35,278,1996,195,Forest,Treed,Stable
35,278,1998,200,Forest,Non-treed,Unknown canopy disturbance
35,278,2018,191,Forest,Treed,Regrowth
35,282,1984,242,Other,Non-treed,
35,282,2018,215,Other,Non-treed,Stable
35,283,1984,157,Forest,Treed,
35,283,2018,202,Forest,Treed,Stable
35,284,1984,175,Forest,Treed,
35,284,2018,205,Forest,Treed,Stable
35,285,1984,235,Forest,Treed,
35,285,2018,215,Forest,Treed,Stable
35,286,1984,225,Forest,Treed,
35,286,2018,205,Forest,Treed,Stable
35,287,1984,233,Forest,Treed,
35,287,2018,189,Forest,Treed,Stable
35,289,1984,190,Forest,Treed,
35,289,2018,188,Forest,Treed,Stable
35,290,1984,222,Forest,Treed,
35,290,2018,203,Forest,Treed,Stable
35,292,1984,137,Forest,Treed,
35,292,2018,222,Forest,Treed,Stable
35,293,1984,178,Forest,Treed,
35,293,2018,198,Forest,Treed,Stable
35,295,1984,205,Forest,Non-treed,
35,295,2018,202,Forest,Treed,Regrowth
35,296,1984,196,Forest,Treed,
35,296,2018,194,Forest,Treed,Stable
35,299,1984,171,Forest,Treed,
35,299,2018,192,Forest,Treed,Stable
35,300,1984,178,Forest,Treed,
35,300,2018,200,Forest,Treed,Stable
35,301,1984,231,Forest,Treed,
35,301,2018,220,Forest,Treed,Stable
35,302,1984,215,Forest,Treed,
35,302,2018,212,Forest,Treed,Stable
35,303,1984,256,Forest,Treed,
35,303,2018,214,Forest,Treed,Stable
35,304,1984,176,Forest,Non-treed,
35,304,2018,205,Forest,Treed,Regrowth
35,305,1984,190,Forest,Treed,
35,305,2018,212,Forest,Treed,Stable
35,306,1984,222,Forest,Treed,
35,306,2018,203,Forest,Treed,Stable
35,307,1984,222,Forest,Treed,
35,307,2018,187,Forest,Treed,Stable
35,308,1984,215,Forest,Treed,
35,308,2018,203,Forest,Treed,Stable
35,310,1984,196,Other,Non-treed,
35,310,2018,193,Other,Non-treed,Stable
35,312,1984,222,Forest,Treed,
35,312,2018,187,Forest,Treed,Stable
35,313,1984,203,Forest,Treed,
35,313,2018,191,Forest,Treed,Stable
35,314,1984,182,Forest,Treed,
35,314,2018,202,Forest,Treed,Stable
35,315,1984,182,Forest,Treed,
35,315,2018,211,Forest,Treed,Stable
35,316,1984,215,Forest,Treed,
35,316,2018,205,Forest,Treed,Stable
35,317,1984,196,Forest,Treed,
35,317,2018,202,Forest,Treed,Stable
35,318,1984,176,Forest,Treed,
35,318,2018,189,Forest,Treed,Stable
35,319,1984,240,Forest,Treed,
35,319,2015,197,Forest,Treed,Stable
35,319,2016,208,Forest,Non-treed,Unknown canopy disturbance
35,319,2018,214,Forest,Non-treed,Stable
35,320,1984,203,Forest,Treed,
35,320,2018,200,Forest,Treed,Stable
35,321,1984,192,Forest,Treed,
35,321,2018,213,Forest,Treed,Stable
35,322,1984,209,Other,Non-treed,
35,322,2018,190,Other,Non-treed,Stable
35,323,1984,203,Forest,Treed,
35,323,2014,196,Forest,Treed,Stable
35,323,2015,200,Forest,Non-treed,Unknown canopy disturbance
35,323,2018,191,Forest,Treed,Regrowth
35,325,1984,256,Forest,Treed,
35,325,2018,220,Forest,Treed,Stable
35,326,1984,203,Forest,Treed,
35,326,2018,193,Forest,Treed,Stable
35,327,1984,198,Forest,Treed,
35,327,2018,194,Forest,Treed,Stable
35,329,1984,226,Forest,Treed,
35,329,2010,225,Forest,Treed,Stable
35,329,2011,196,Forest,Non-treed,Unknown canopy disturbance
35,329,2018,191,Forest,Treed,Regrowth
35,330,1984,196,Forest,Treed,
35,330,2001,202,Forest,Treed,Stable
35,330,2002,198,Forest,Non-treed,Unknown canopy disturbance
35,330,2018,193,Forest,Non-treed,Stable
35,331,1984,233,Forest,Treed,
35,331,2018,221,Forest,Treed,Stable
35,332,1984,196,Forest,Treed,
35,332,2018,193,Forest,Treed,Stable
35,333,1984,153,Forest,Treed,
35,333,2018,198,Forest,Treed,Stable
35,336,1984,198,Forest,Treed,
35,336,2018,196,Forest,Treed,Stable
35,337,1984,207,Forest,Treed,
35,337,2018,204,Forest,Treed,Stable
35,338,1984,190,Forest,Treed,
35,338,2018,188,Forest,Treed,Stable
35,339,1984,203,Other,Non-treed,
35,339,2018,215,Other,Non-treed,Stable
35,340,1984,240,Forest,Treed,
35,340,2018,221,Forest,Treed,Stable
35,341,1984,199,Forest,Treed,
35,341,2018,221,Forest,Treed,Stable
35,342,1984,242,Forest,Treed,
35,342,2018,191,Forest,Treed,Stable
35,343,1984,225,Forest,Treed,
35,343,2018,205,Forest,Treed,Stable
35,344,1984,190,Forest,Treed,
35,344,2018,203,Forest,Treed,Stable
35,346,1984,178,Forest,Treed,
35,346,2018,215,Forest,Treed,Stable
35,349,1984,177,Forest,Treed,
35,349,2018,213,Forest,Treed,Stable
35,350,1984,190,Forest,Treed,
35,350,2018,203,Forest,Treed,Stable
35,353,1984,279,Forest,Treed,
35,353,2018,221,Forest,Treed,Stable
35,355,1984,196,Forest,Treed,
35,355,2018,217,Forest,Treed,Stable
35,356,1984,203,Forest,Treed,
35,356,2018,191,Forest,Treed,Stable
35,361,1984,128,Forest,Treed,
35,361,2018,213,Forest,Treed,Stable
35,362,1984,198,Other,Non-treed,
35,362,2018,202,Other,Non-treed,Stable
35,363,1984,196,Forest,Treed,
35,363,2018,209,Forest,Treed,Stable
35,364,1984,175,Forest,Treed,
35,364,2018,196,Forest,Treed,Stable
35,366,1984,196,Other,Non-treed,
35,366,2018,194,Other,Non-treed,Stable
35,367,1984,116,Forest,Treed,
35,367,2018,201,Forest,Treed,Stable
35,368,1984,203,Forest,Treed,
35,368,2018,176,Forest,Treed,Stable
35,369,1984,247,Forest,Treed,
35,369,2018,229,Forest,Treed,Stable
35,372,1984,226,Forest,Treed,
35,372,2018,214,Forest,Treed,Stable
35,373,1984,251,Forest,Treed,
35,373,2018,224,Forest,Treed,Stable
35,374,1984,198,Forest,Treed,
35,374,2018,202,Forest,Treed,Stable
35,375,1984,215,Forest,Treed,
35,375,2018,205,Forest,Treed,Stable
35,377,1984,178,Forest,Treed,
35,377,2018,190,Forest,Treed,Stable
35,378,1984,176,Forest,Treed,
35,378,1999,192,Forest,Treed,Stable
35,378,2000,219,Forest,Non-treed,Unknown canopy disturbance
35,378,2006,203,Forest,Treed,Regrowth
35,378,2018,188,Forest,Treed,Stable
35,379,1984,167,Forest,Treed,
35,379,2018,188,Forest,Treed,Stable
35,380,1984,247,Forest,Treed,
35,380,2017,200,Forest,Treed,Stable
35,380,2018,203,Forest,Non-treed,Unknown canopy disturbance
35,382,1984,203,Forest,Treed,
35,382,2018,215,Forest,Treed,Stable
35,383,1984,176,Forest,Treed,
35,383,2018,214,Forest,Treed,Stable
35,385,1984,231,Forest,Treed,
35,385,2018,221,Forest,Treed,Stable
35,387,1984,233,Forest,Treed,
35,387,2018,221,Forest,Treed,Stable
35,388,1984,219,Forest,Treed,
35,388,2002,212,Forest,Treed,Stable
35,388,2003,200,Forest,Non-treed,Unknown canopy disturbance
35,388,2018,217,Forest,Treed,Regrowth
35,389,1984,190,Forest,Treed,
35,389,2018,211,Forest,Treed,Stable
35,390,1984,137,Forest,Treed,
35,390,1991,220,Forest,Treed,Stable
35,390,1992,207,Forest,Non-treed,Unknown canopy disturbance
35,390,1995,183,Forest,Treed,Regrowth
35,390,2018,190,Forest,Treed,Stable
35,391,1984,196,Forest,Treed,
35,391,2018,201,Forest,Treed,Stable
35,392,1984,177,Forest,Treed,
35,392,2018,206,Forest,Treed,Stable
35,395,1984,226,Forest,Treed,
35,395,2018,191,Forest,Treed,Stable
35,396,1984,198,Forest,Treed,
35,396,2018,204,Forest,Treed,Stable
35,397,1984,190,Forest,Treed,
35,397,2018,203,Forest,Treed,Stable
35,398,1984,153,Forest,Treed,
35,398,2018,221,Forest,Treed,Stable
35,399,1984,198,Forest,Treed,
35,399,2018,204,Forest,Treed,Stable
35,401,1984,233,Forest,Treed,
35,401,2018,222,Forest,Treed,Stable
35,402,1984,247,Forest,Treed,
35,402,2018,221,Forest,Treed,Stable
35,403,1984,178,Forest,Treed,
35,403,2018,198,Forest,Treed,Stable
35,406,1984,233,Forest,Treed,
35,406,2018,190,Forest,Treed,Stable
35,407,1984,153,Forest,Treed,
35,407,2018,221,Forest,Treed,Stable
35,408,1984,198,Forest,Treed,
35,408,2006,201,Forest,Treed,Stable
35,408,2007,197,Forest,Non-treed,Unknown canopy disturbance
35,408,2018,195,Forest,Treed,Regrowth
35,409,1984,190,Forest,Treed,
35,409,2018,203,Forest,Treed,Stable
35,411,1984,196,Forest,Treed,
35,411,2018,193,Forest,Treed,Stable
35,412,1984,226,Forest,Treed,
35,412,2018,214,Forest,Treed,Stable
35,413,1984,225,Forest,Treed,
35,413,2018,197,Forest,Treed,Stable
35,414,1984,167,Forest,Treed,
35,414,2018,188,Forest,Treed,Stable
35,415,1984,171,Forest,Treed,
35,415,2018,223,Forest,Treed,Stable
35,417,1984,203,Forest,Treed,
35,417,2018,216,Forest,Treed,Stable
35,418,1984,198,Forest,Treed,
35,418,2018,211,Forest,Treed,Stable
35,419,1984,198,Forest,Treed,
35,419,2018,204,Forest,Treed,Stable
35,420,1984,159,Other,Non-treed,
35,420,2018,196,Other,Non-treed,Stable
35,421,1984,233,Forest,Treed,
35,421,2011,202,Forest,Treed,Stable
35,421,2013,191,Forest,Non-treed,Unknown canopy disturbance
35,421,2018,190,Forest,Non-treed,Stable
35,422,1984,215,Forest,Treed,
35,422,2018,203,Forest,Treed,Stable
35,423,1984,199,Forest,Treed,
35,423,2018,172,Forest,Treed,Stable
35,424,1984,175,Forest,Treed,
35,424,2018,196,Forest,Treed,Stable
35,425,1984,223,Forest,Treed,
35,425,2018,205,Forest,Treed,Stable
35,426,1984,196,Other,Non-treed,
35,426,2018,177,Other,Non-treed,Stable
35,427,1984,222,Forest,Treed,
35,427,2018,203,Forest,Treed,Stable
35,428,1984,137,Forest,Treed,
35,428,2018,231,Forest,Treed,Stable
35,431,1984,242,Forest,Treed,
35,431,2018,191,Forest,Treed,Stable
35,429,1984,222,Other,Non-treed,
35,429,2018,212,Other,Non-treed,Stable
35,432,1984,162,Forest,Treed,
35,432,2018,215,Forest,Treed,Stable
35,434,1984,199,Forest,Treed,
35,434,2018,213,Forest,Treed,Stable
35,440,1984,178,Forest,Treed,
35,440,2018,206,Forest,Treed,Stable
35,439,1984,222,Forest,Treed,
35,439,2018,187,Forest,Treed,Stable
35,443,1984,215,Forest,Treed,
35,443,2018,188,Forest,Treed,Stable
35,446,1984,242,Forest,Treed,
35,446,2017,204,Forest,Treed,Stable
35,446,2018,214,Forest,Non-treed,Unknown canopy disturbance
35,447,1984,178,Forest,Treed,
35,447,2018,191,Forest,Treed,Stable
35,448,1984,203,Forest,Treed,
35,448,2012,215,Forest,Treed,Stable
35,448,2013,209,Forest,Non-treed,Harvest
35,448,2018,215,Forest,Non-treed,Stable
35,449,1984,196,Forest,Treed,
35,449,2018,194,Forest,Treed,Stable
35,450,1984,231,Forest,Treed,
35,450,2007,198,Forest,Treed,Stable
35,450,2008,193,Forest,Non-treed,Unknown canopy disturbance
35,450,2010,198,Forest,Treed,Regrowth
35,450,2018,220,Forest,Treed,Stable
35,451,1984,235,Forest,Treed,
35,451,2018,207,Forest,Treed,Stable
35,452,1984,198,Forest,Treed,
35,452,2018,204,Forest,Treed,Stable
35,454,1984,202,Other,Non-treed,
35,454,2018,198,Other,Non-treed,Stable
35,456,1984,196,Forest,Treed,
35,456,2018,194,Forest,Treed,Stable
35,457,1984,199,Forest,Treed,
35,457,2018,220,Forest,Treed,Stable
35,458,1984,178,Other,Non-treed,
35,458,2018,191,Other,Non-treed,Stable
35,459,1984,233,Forest,Treed,
35,459,2018,190,Forest,Treed,Stable
35,460,1984,242,Forest,Treed,
35,460,2018,215,Forest,Treed,Stable
35,461,1984,203,Other,Non-treed,
35,461,2018,216,Other,Non-treed,Stable
35,462,1984,233,Forest,Treed,
35,462,2018,214,Forest,Treed,Stable
35,463,1984,192,Forest,Treed,
35,463,2018,189,Forest,Treed,Stable
35,464,1984,272,Forest,Treed,
35,464,2018,190,Forest,Treed,Stable
35,465,1984,215,Forest,Treed,
35,465,2018,187,Forest,Treed,Stable
35,466,1984,178,Forest,Treed,
35,466,2018,198,Forest,Treed,Stable
35,467,1984,196,Forest,Treed,
35,467,1997,192,Forest,Treed,Stable
35,467,1999,198,Forest,Non-treed,Unknown canopy disturbance
35,467,2001,202,Forest,Treed,Regrowth
35,467,2018,202,Forest,Treed,Stable
35,468,1984,272,Forest,Treed,
35,468,2018,220,Forest,Treed,Stable
35,470,1984,203,Forest,Treed,
35,470,2018,216,Forest,Treed,Stable
35,471,1984,196,Forest,Treed,
35,471,2018,201,Forest,Treed,Stable
35,472,1984,153,Forest,Treed,
35,472,2018,189,Forest,Treed,Stable
35,474,1984,198,Forest,Treed,
35,474,2018,187,Forest,Treed,Stable
35,475,1984,196,Forest,Treed,
35,475,2018,201,Forest,Treed,Stable
35,476,1984,215,Forest,Treed,
35,476,2018,220,Forest,Treed,Stable
35,477,1984,231,Forest,Treed,
35,477,2018,220,Forest,Treed,Stable
35,478,1984,223,Forest,Treed,
35,478,2018,205,Forest,Treed,Stable
35,479,1984,196,Forest,Treed,
35,479,2018,186,Forest,Treed,Stable
35,480,1984,203,Forest,Treed,
35,480,2018,215,Forest,Treed,Stable
35,481,1984,178,Forest,Treed,
35,481,2018,222,Forest,Treed,Stable
35,482,1984,178,Forest,Treed,
35,482,2018,198,Forest,Treed,Stable
35,487,1984,178,Forest,Treed,
35,487,2018,206,Forest,Treed,Stable
35,488,1984,247,Forest,Treed,
35,488,2018,220,Forest,Treed,Stable
35,493,1984,223,Forest,Treed,
35,493,2018,196,Forest,Treed,Stable
35,494,1984,178,Forest,Treed,
35,494,2018,198,Forest,Treed,Stable
35,496,1984,190,Forest,Treed,
35,496,2018,203,Forest,Treed,Stable
35,497,1984,190,Forest,Treed,
35,497,2018,203,Forest,Treed,Stable
35,498,1984,190,Forest,Treed,
35,498,2018,203,Forest,Treed,Stable
35,499,1984,159,Forest,Treed,
35,499,2018,164,Forest,Treed,Stable
35,500,1984,177,Forest,Treed,
35,500,2018,198,Forest,Treed,Stable
35,495,1984,226,Other,Non-treed,
35,495,2018,191,Other,Non-treed,Stable
35,492,1984,205,Other,Non-treed,
35,492,2018,202,Other,Non-treed,Stable
35,491,1984,196,Other,Non-treed,
35,491,2004,211,Other,Non-treed,Stable
35,491,2006,192,Forest,Treed,Regrowth
35,491,2018,217,Forest,Treed,Stable
35,490,1984,198,Forest,Treed,
35,490,2009,179,Forest,Treed,Stable
35,490,2010,198,Forest,Non-treed,Harvest
35,490,2012,212,Forest,Non-treed,Stable
35,490,2013,190,Forest,Treed,Regrowth
35,490,2018,204,Forest,Treed,Stable
35,489,1984,247,Other,Non-treed,
35,489,2018,220,Other,Non-treed,Stable
35,486,1984,198,Forest,Treed,
35,486,2018,194,Forest,Treed,Stable
35,485,1984,203,Forest,Treed,
35,485,1987,203,Forest,Treed,Stable
35,485,1988,199,Forest,Non-treed,Unknown canopy disturbance
35,485,2018,200,Forest,Treed,Regrowth
35,484,1984,178,Forest,Treed,
35,484,2018,191,Forest,Treed,Stable
35,483,1984,198,Forest,Treed,
35,483,2007,197,Forest,Treed,Stable
35,483,2008,207,Other,Non-treed,Unknown canopy disturbance
35,483,2018,195,Other,Non-treed,Stable
35,473,1984,233,Forest,Treed,
35,473,1995,231,Forest,Treed,Stable
35,473,1996,186,Forest,Non-treed,Unknown canopy disturbance
35,473,1997,188,Forest,Treed,Regrowth
35,473,2018,214,Forest,Treed,Stable
35,469,1984,215,Forest,Treed,
35,469,2018,188,Forest,Treed,Stable
35,455,1984,231,Forest,Non-treed,
35,455,1997,209,Forest,Treed,Regrowth
35,455,2018,187,Forest,Treed,Stable
35,453,1984,205,Other,Non-treed,
35,453,2018,202,Other,Non-treed,Stable
35,445,1984,198,Other,Non-treed,
35,445,2018,203,Other,Non-treed,Stable
35,444,1984,306,Forest,Non-treed,
35,444,2001,200,Forest,Treed,Regrowth
35,444,2018,214,Forest,Treed,Stable
35,442,1984,203,Other,Non-treed,
35,442,2018,200,Other,Non-treed,Stable
35,441,1984,199,Forest,Treed,
35,441,2001,198,Forest,Treed,Stable
35,441,2002,192,Forest,Non-treed,Unknown canopy disturbance
35,441,2003,203,Forest,Treed,Regrowth
35,441,2018,221,Forest,Treed,Stable
35,437,1984,198,Forest,Treed,
35,437,2018,195,Forest,Treed,Stable
35,436,1984,247,Other,Non-treed,
35,436,2004,206,Other,Non-treed,Stable
35,436,2005,176,Forest,Treed,Regrowth
35,436,2018,188,Forest,Treed,Stable
35,435,1984,182,Other,Non-treed,
35,435,2018,203,Other,Non-treed,Stable
35,433,1984,203,Forest,Treed,
35,433,2018,215,Forest,Treed,Stable
35,430,1984,178,Forest,Treed,
35,430,2005,203,Forest,Treed,Stable
35,430,2006,190,Forest,Non-treed,Unknown canopy disturbance
35,430,2007,201,Forest,Treed,Regrowth
35,430,2018,215,Forest,Treed,Stable
35,416,1984,190,Forest,Treed,
35,416,2004,190,Forest,Treed,Stable
35,416,2006,202,Forest,Non-treed,Unknown canopy disturbance
35,416,2007,198,Forest,Treed,Regrowth
35,416,2018,203,Forest,Treed,Stable
35,410,1984,240,Other,Non-treed,
35,410,2018,214,Other,Non-treed,Stable
35,405,1984,192,Other,Non-treed,
35,405,2018,189,Other,Non-treed,Stable
35,400,1984,178,Forest,Non-treed,
35,400,2011,197,Forest,Non-treed,Stable
35,400,2012,215,Forest,Treed,Regrowth
35,400,2018,200,Forest,Treed,Stable
35,394,1984,279,Forest,Treed,
35,394,2012,195,Forest,Treed,Stable
35,394,2013,205,Forest,Non-treed,Unknown canopy disturbance
35,394,2018,187,Forest,Non-treed,Stable
35,393,1984,226,Forest,Non-treed,
35,393,1998,200,Forest,Treed,Regrowth
35,393,2018,191,Forest,Treed,Stable
35,386,1984,203,Forest,Treed,
35,386,2018,193,Forest,Treed,Stable
35,384,1984,226,Forest,Treed,
35,384,2014,188,Forest,Treed,Stable
35,384,2015,200,Forest,Non-treed,Unknown canopy disturbance
35,384,2018,191,Forest,Non-treed,Stable
35,381,1984,233,Forest,Treed,
35,381,2018,221,Forest,Treed,Stable
35,376,1984,196,Forest,Treed,
35,376,2018,193,Forest,Treed,Stable
35,371,1984,192,Forest,Treed,
35,371,2018,190,Forest,Treed,Stable
35,370,1984,196,Other,Non-treed,
35,370,2018,201,Other,Non-treed,Stable
35,365,1984,233,Other,Non-treed,
35,365,2018,191,Other,Non-treed,Stable
35,360,1984,182,Other,Non-treed,
35,360,2018,203,Other,Non-treed,Stable
35,359,1984,215,Forest,Treed,
35,359,2001,189,Forest,Treed,Stable
35,359,2002,192,Forest,Non-treed,Harvest
35,359,2003,203,Forest,Treed,Regrowth
35,359,2018,188,Forest,Treed,Stable
35,358,1984,196,Forest,Treed,
35,358,2018,201,Forest,Treed,Stable
35,357,1984,247,Forest,Treed,
35,357,2018,205,Forest,Treed,Stable
35,354,1984,215,Forest,Treed,
35,354,2018,189,Forest,Treed,Stable
35,352,1984,137,Forest,Non-treed,
35,352,2018,198,Forest,Treed,Regrowth
35,351,1984,178,Forest,Non-treed,
35,351,1999,202,Forest,Non-treed,Stable
35,351,2001,200,Forest,Treed,Regrowth
35,351,2018,191,Forest,Treed,Stable
35,348,1984,196,Forest,Treed,
35,348,2018,201,Forest,Treed,Stable
35,347,1984,196,Other,Non-treed,
35,347,2018,201,Other,Non-treed,Stable
35,345,1984,215,Forest,Treed,
35,345,2018,203,Forest,Treed,Stable
35,335,1984,222,Forest,Non-treed,
35,335,2001,197,Forest,Non-treed,Stable
35,335,2005,176,Forest,Treed,Regrowth
35,335,2018,187,Forest,Treed,Stable
35,328,1984,203,Forest,Non-treed,
35,328,2018,200,Forest,Treed,Regrowth
35,324,1984,205,Forest,Non-treed,
35,324,2018,202,Forest,Treed,Regrowth
35,311,1984,198,Forest,Treed,
35,311,2018,203,Forest,Treed,Stable
35,309,1984,161,Other,Non-treed,
35,309,2018,197,Other,Non-treed,Stable
35,298,1984,182,Forest,Treed,
35,298,2018,204,Forest,Treed,Stable
35,297,1984,177,Other,Non-treed,
35,297,2018,214,Other,Non-treed,Stable
35,294,1984,198,Forest,Treed,
35,294,2018,211,Forest,Treed,Stable
35,291,1984,225,Other,Non-treed,
35,291,2018,197,Other,Non-treed,Stable
35,288,1984,198,Forest,Treed,
35,288,2018,203,Forest,Treed,Stable
35,280,1984,222,Forest,Treed,
35,280,2014,201,Forest,Treed,Stable
35,280,2015,204,Forest,Non-treed,Unknown canopy disturbance
35,280,2018,171,Forest,Treed,Regrowth
35,277,1984,231,Forest,Treed,
35,277,2018,187,Forest,Treed,Stable
35,267,1984,226,Forest,Non-treed,
35,267,2004,136,Forest,Non-treed,Stable
35,267,2006,190,Forest,Treed,Regrowth
35,267,2018,191,Forest,Treed,Stable
35,246,1984,190,Forest,Treed,
35,246,2018,203,Forest,Treed,Stable
35,245,1984,233,Forest,Treed,
35,245,2018,221,Forest,Treed,Stable
35,240,1984,242,Forest,Non-treed,
35,240,1996,154,Forest,Non-treed,Stable
35,240,1997,220,Forest,Treed,Regrowth
35,240,2018,222,Forest,Treed,Stable
35,233,1984,153,Other,Non-treed,
35,233,2018,214,Other,Non-treed,Stable
35,219,1984,215,Forest,Non-treed,
35,219,2001,196,Forest,Treed,Regrowth
35,219,2018,212,Forest,Treed,Stable
35,214,1984,198,Forest,Treed,
35,214,2018,195,Forest,Treed,Stable
35,2,1984,190,Forest,Treed,
35,2,2018,219,Forest,Treed,Stable
35,10,1984,151,Forest,Treed,
35,10,2018,220,Forest,,Stable
35,17,1984,196,Forest,Treed,
35,17,1992,211,Forest,Treed,Stable
35,17,1995,194,Forest,Non-treed,Unknown canopy disturbance
35,17,2003,200,Forest,Treed,Regrowth
35,17,2018,202,Forest,Treed,Stable
35,30,1984,215,Forest,Treed,
35,30,2010,198,Forest,Treed,Stable
35,30,2011,200,Forest,Treed,Unknown canopy disturbance
35,30,2018,187,Forest,Treed,Stable
35,28,1984,176,Forest,Non-treed,
35,28,1994,203,Forest,Non-treed,Stable
35,28,1996,209,Forest,Treed,Regrowth
35,28,2018,188,Forest,Treed,Stable
35,44,1984,196,Forest,Non-treed,
35,44,2010,172,Forest,Non-treed,Stable
35,44,2012,217,Forest,Treed,Regrowth
35,44,2018,186,Forest,Treed,Stable
35,43,1984,222,Forest,Treed,
35,43,2018,203,Forest,Treed,Stable
35,49,1984,235,Forest,Treed,
35,49,2018,256,Forest,Treed,Stable
35,54,1984,233,Forest,Treed,
35,54,2018,191,Forest,Treed,Stable
35,80,1984,192,Forest,Treed,
35,80,2018,188,Forest,Treed,Stable
35,118,1984,161,Forest,Non-treed,
35,118,2018,198,Forest,Non-treed,Stable
35,122,1984,205,Forest,Treed,
35,122,2011,192,Forest,Treed,Stable
35,122,2012,210,Forest,Treed,Unknown canopy disturbance
35,122,2018,202,Forest,Treed,Stable
35,124,1984,222,Forest,Treed,
35,124,2018,187,Forest,Treed,Stable
35,159,1984,203,Other,Non-treed,
35,159,2018,216,Other,Non-treed,Stable
35,161,1984,242,Other,Non-treed,
35,161,2018,222,Other,Non-treed,Stable
35,168,1984,203,Forest,Treed,
35,168,2007,202,Forest,Treed,Stable
35,168,2008,189,Forest,Non-treed,Harvest
35,168,2018,191,Forest,Non-treed,Stable
35,173,1984,171,Forest,Treed,
35,173,2004,210,Forest,Treed,Stable
35,173,2005,197,Forest,Treed,Unknown canopy disturbance
35,173,2018,184,Forest,Treed,Stable
35,172,1984,203,Other,Non-treed,
35,172,2018,201,Other,Non-treed,Stable
35,182,1984,103,Forest,Treed,
35,182,1989,228,Forest,Treed,Stable
35,182,1990,39,Forest,Non-treed,Unknown canopy disturbance
35,182,1994,210,Forest,Treed,Regrowth
35,182,2018,220,Forest,Treed,Stable
35,190,1984,297,Other,Non-treed,
35,190,2018,214,Other,Non-treed,Stable
35,191,1984,244,Forest,Treed,
35,191,2018,184,Forest,Treed,Stable
35,192,1984,196,Forest,Treed,
35,192,2018,193,Forest,Treed,Stable
35,193,1984,215,Other,Non-treed,
35,193,2018,188,Other,Non-treed,Stable
35,199,1984,196,Forest,Treed,
35,199,2018,193,Forest,Treed,Stable
35,200,1984,176,Other,Non-treed,
35,200,2018,189,Other,Non-treed,Stable
35,212,1984,233,Forest,Non-treed,
35,212,2003,221,Forest,Non-treed,Stable
35,212,2005,210,Forest,Treed,Regrowth
35,212,2018,190,Forest,Treed,Stable
35,281,1984,196,Forest,Non-treed,
35,281,1996,197,Forest,Non-treed,Stable
35,281,1997,215,Forest,Treed,Regrowth
35,281,2018,209,Forest,Treed,Stable
35,27,1984,171,Forest,Treed,
35,27,2018,201,Forest,Treed,Regrowth
35,334,1984,157,Forest,Treed,
35,334,2018,194,Forest,Treed,Stable
35,404,1984,241,Forest,Non-treed,
35,404,2018,205,Forest,Treed,Stable
