project_id,year,day,landuse,landcover,change_process,plotid
33,1985,207,Forest,Trees,NA,1
33,2017,71,Forest,Trees,Stable,1
33,1985,207,Forest,Trees,NA,2
33,2017,63,Forest,Trees,Stable,2
33,1985,223,Forest,Trees,NA,3
33,1999,222,Forest,Trees,Stable,3
33,2000,225,Forest,Non-tree,Wind,3
33,2016,221,Forest,Trees,Growth/Recovery,3
33,1985,184,Forest,Trees,NA,4
33,1998,220,Forest,Trees,Stable,4
33,1999,207,Forest,Non-tree,Debris,4
33,2016,206,Forest,Non-tree,Growth/Recovery,4
33,1985,200,Forest,Trees,NA,5
33,2017,24,Forest,Trees,Stable,5
33,1985,216,Forest,Trees,NA,6
33,2017,24,Forest,Trees,Stable,6
33,1985,207,Forest,Trees,NA,7
33,1999,214,Forest,Trees,Stable,7
33,2000,225,Forest,Non-tree,Harvest,7
33,2017,47,Forest,Trees,Growth/Recovery,7
33,1985,223,Forest,Trees,NA,8
33,2016,221,Forest,Trees,Stable,8
33,1985,216,Forest,Trees,NA,9
33,2017,56,Forest,Trees,Stable,9
33,1985,223,Forest,Trees,NA,10
33,2017,32,Forest,Trees,Stable,10
33,1985,216,Forest,Trees,NA,11
33,2017,8,Forest,Trees,Stable,11
33,1984,317,Forest,Trees,NA,12
33,2017,47,Forest,Trees,Stable,12
33,1985,216,Forest,Trees,NA,13
33,2017,56,Forest,Trees,Stable,13
33,1984,196,Forest,Trees,NA,14
33,2017,54,Forest,Trees,Stable,14
33,1984,317,Forest,Trees,NA,15
33,2017,64,Forest,Trees,Stable,15
33,1985,207,Forest,Trees,NA,16
33,2017,47,Forest,Trees,Stable,16
33,1984,196,Forest,Trees,NA,17
33,2017,63,Forest,Trees,Stable,17
33,1985,207,Forest,Trees,NA,18
33,2017,63,Forest,Trees,Stable,18
33,1985,200,Forest,Trees,NA,19
33,2017,56,Forest,Trees,Stable,19
33,1984,317,Forest,Trees,NA,20
33,2016,221,Forest,Trees,Stable,20
33,1985,216,Forest,Trees,NA,21
33,1993,222,Forest,Trees,Stable,21
33,1994,209,Forest,Non-tree,Harvest,21
33,2003,218,Forest,Trees,Growth/Recovery,21
33,2016,214,Forest,Trees,Stable,21
33,1984,196,Forest,Trees,NA,22
33,2017,54,Forest,Trees,Stable,22
33,1985,207,Forest,Trees,NA,23
33,2017,71,Forest,Trees,Stable,23
33,1985,207,Forest,Trees,NA,24
33,2017,71,Forest,Trees,Stable,24
33,1985,184,Forest,Trees,NA,25
33,2017,24,Forest,Trees,Stable,25
33,1984,365,Forest,Trees,NA,26
33,2017,56,Forest,Trees,Stable,26
33,1984,317,Forest,Trees,NA,27
33,2017,63,Forest,Trees,Stable,27
33,1985,216,Forest,Trees,NA,28
33,2017,55,Forest,Trees,Stable,28
33,1985,207,Forest,Trees,NA,29
33,2017,70,Forest,Trees,Stable,29
33,1985,223,Forest,Trees,NA,30
33,2017,71,Forest,Trees,Stable,30
33,1985,207,Forest,Trees,NA,31
33,2017,71,Forest,Trees,Stable,31
33,1984,196,Forest,Trees,NA,32
33,2017,70,Forest,Trees,Stable,32
33,1985,232,Forest,Trees,NA,33
33,2017,24,Forest,Trees,Stable,33
33,1984,196,Forest,Trees,NA,34
33,2013,212,Forest,Trees,Stable,34
33,2014,230,Forest,Trees,Harvest,34
33,2016,212,Forest,Trees,Growth/Recovery,34
33,1985,216,Forest,Trees,NA,35
33,2017,56,Forest,Trees,Stable,35
33,1985,232,Forest,Trees,NA,36
33,2017,56,Forest,Trees,Stable,36
33,1985,207,Forest,Trees,NA,37
33,2017,63,Forest,Trees,Stable,37
33,1985,216,Forest,Trees,NA,38
33,2017,15,Forest,Trees,Stable,38
33,1984,196,Forest,Trees,NA,39
33,2017,54,Forest,Trees,Stable,39
33,1984,196,Forest,Trees,NA,40
33,2017,70,Forest,Trees,Stable,40
33,1984,196,Forest,Trees,NA,41
33,2017,71,Forest,Trees,Stable,41
33,1985,207,Forest,Trees,NA,42
33,2017,71,Forest,Trees,Stable,42
33,1985,216,Forest,Trees,NA,43
33,2003,218,Forest,Trees,Stable,43
33,2006,186,Forest,Trees,Harvest,43
33,2008,216,Forest,Trees,Growth/Recovery,43
33,2017,56,Forest,Trees,Stable,43
33,1985,207,Forest,Trees,NA,44
33,2004,212,Forest,Trees,Stable,44
33,2005,239,Forest,Non-tree,Harvest,44
33,2008,207,Forest,Trees,Growth/Recovery,44
33,2017,71,Forest,Trees,Stable,44
33,1984,196,Forest,Trees,NA,45
33,2017,46,Forest,Trees,Stable,45
33,1984,317,Forest,Trees,NA,46
33,2017,32,Forest,Trees,Stable,46
33,1985,232,Forest,Trees,NA,47
33,2017,24,Forest,Trees,Stable,47
33,1984,196,Forest,Trees,NA,48
33,2017,47,Forest,Trees,Stable,48
33,1985,223,Forest,Trees,NA,49
33,2017,54,Forest,Trees,Stable,49
33,1985,223,Forest,Trees,NA,50
33,2017,70,Forest,Trees,Stable,50
33,1984,196,Forest,Trees,NA,51
33,2017,63,Forest,Trees,Stable,51
33,1984,317,Forest,Non-tree,NA,52
33,1998,211,Forest,Trees,Growth/Recovery,52
33,2000,225,Forest,Trees,Hydrology,52
33,2016,221,Forest,Trees,Growth/Recovery,52
33,1984,127,Forest,Trees,NA,53
33,2011,224,Forest,Trees,Stable,53
33,2012,228,Forest,Trees,Harvest,53
33,2017,73,Forest,Trees,Growth/Recovery,53
33,1984,317,Forest,Trees,NA,54
33,2008,223,Forest,Trees,Stable,54
33,2011,223,Forest,Trees,Harvest,54
33,2017,63,Forest,Trees,Growth/Recovery,54
33,1985,207,Forest,Trees,NA,55
33,2017,71,Forest,Trees,Stable,55
33,1984,317,Forest,Trees,NA,56
33,2017,71,Forest,Trees,Stable,56
33,1984,196,Forest,Trees,NA,57
33,2016,220,Forest,Trees,Stable,57
33,1984,196,Forest,Trees,NA,58
33,2017,70,Forest,Trees,Stable,58
33,1985,216,Forest,Trees,NA,59
33,2017,56,Forest,Trees,Stable,59
33,1984,196,Forest,Trees,NA,60
33,2017,23,Forest,Trees,Stable,60
33,1984,196,Forest,Trees,NA,61
33,2017,70,Forest,Trees,Stable,61
33,1985,184,Forest,Trees,NA,62
33,2016,198,Forest,Trees,Stable,62
33,1985,216,Forest,Trees,NA,63
33,2017,56,Forest,Trees,Stable,63
33,1984,196,Forest,Trees,NA,64
33,2002,230,Forest,Trees,Stable,64
33,2004,211,Forest,Trees,Decline,64
33,2016,236,Forest,Trees,Growth/Recovery,64
33,1984,317,Forest,Trees,NA,65
33,2016,221,Forest,Trees,Stable,65
33,1985,223,Forest,Trees,NA,66
33,2017,15,Forest,Trees,Stable,66
33,1985,223,Forest,Trees,NA,67
33,2010,212,Forest,Trees,Stable,67
33,2012,194,Forest,Trees,Harvest,67
33,2016,221,Forest,Trees,Growth/Recovery,67
33,1984,317,Forest,Trees,NA,68
33,2017,63,Forest,Trees,Stable,68
33,1985,216,Forest,Trees,NA,69
33,2012,235,Forest,Trees,Stable,69
33,2013,213,Forest,Non-tree,Debris,69
33,2017,47,Forest,Non-tree,Growth/Recovery,69
33,1984,271,Forest,Trees,NA,70
33,2017,73,Forest,Trees,Stable,70
33,1984,196,Forest,Trees,NA,71
33,2017,70,Forest,Trees,Stable,71
33,1985,216,Forest,Trees,NA,72
33,2016,198,Forest,Trees,Stable,72
33,1984,317,Forest,Trees,NA,73
33,2004,212,Forest,Trees,Stable,73
33,2005,223,Forest,Non-tree,Harvest,73
33,2017,56,Forest,Trees,Growth/Recovery,73
33,1985,216,Forest,Trees,NA,74
33,2017,56,Forest,Trees,Stable,74
33,1985,216,Forest,Trees,NA,75
33,2016,214,Forest,Trees,Stable,75
33,1984,196,Forest,Trees,NA,76
33,2017,47,Forest,Trees,Stable,76
33,1984,317,Forest,Trees,NA,77
33,2005,230,Forest,Trees,Stable,77
33,2006,202,Forest,Trees,Other,77
33,2016,229,Forest,Trees,Growth/Recovery,77
33,1985,191,Forest,Trees,NA,78
33,2016,214,Forest,Trees,Stable,78
33,1985,216,Forest,Trees,NA,79
33,2017,56,Forest,Trees,Stable,79
33,1984,196,Forest,Trees,NA,80
33,2017,70,Forest,Trees,Stable,80
33,1985,255,Forest,Trees,NA,81
33,2017,47,Forest,Trees,Stable,81
33,1985,216,Forest,Trees,NA,82
33,2017,56,Forest,Trees,Stable,82
33,1985,216,Forest,Trees,NA,83
33,2017,16,Forest,Trees,Stable,83
33,1985,216,Forest,Trees,NA,84
33,2017,56,Forest,Trees,Stable,84
33,1984,196,Forest,Trees,NA,85
33,2017,55,Forest,Trees,Stable,85
33,1985,216,Forest,Trees,NA,86
33,1992,220,Forest,Trees,Stable,86
33,1993,190,Forest,Trees,Harvest,86
33,2016,206,Forest,Trees,Stable,86
33,1985,223,Forest,Trees,NA,87
33,2017,70,Forest,Trees,Stable,87
33,1985,216,Forest,Trees,NA,88
33,2016,221,Forest,Trees,Stable,88
33,1984,196,Forest,Trees,NA,89
33,2017,54,Forest,Trees,Stable,89
33,1985,216,Forest,Trees,NA,90
33,2017,24,Forest,Trees,Stable,90
33,1984,317,Forest,Trees,NA,91
33,1997,217,Forest,Trees,Stable,91
33,1998,211,Forest,Trees,Harvest,91
33,2016,221,Forest,Trees,Stable,91
33,1984,317,Forest,Trees,NA,92
33,2017,63,Forest,Trees,Stable,92
33,1985,200,Forest,Trees,NA,93
33,2016,206,Forest,Trees,Stable,93
33,1985,200,Forest,Trees,NA,94
33,2017,56,Forest,Trees,Stable,94
33,1984,317,Forest,Trees,NA,95
33,2017,71,Forest,Trees,Stable,95
33,1985,248,Forest,Trees,NA,96
33,2017,24,Forest,Trees,Stable,96
33,1985,248,Forest,Trees,NA,97
33,2004,214,Forest,Trees,Stable,97
33,2005,224,Forest,Trees,Harvest,97
33,2016,199,Forest,Trees,Growth/Recovery,97
33,1985,207,Forest,Trees,NA,98
33,2017,71,Forest,Trees,Stable,98
33,1984,164,Forest,Trees,NA,99
33,2017,71,Forest,Trees,Stable,99
33,1984,271,Forest,Trees,NA,100
33,2017,73,Forest,Trees,Stable,100
33,1984,196,Forest,Trees,NA,101
33,2017,54,Forest,Trees,Stable,101
33,1985,223,Forest,Trees,NA,102
33,1990,269,Forest,Trees,Stable,102
33,1991,208,Forest,Non-tree,Wind,102
33,2003,225,Forest,Trees,Growth/Recovery,102
33,2017,70,Forest,Trees,Stable,102
33,1984,196,Forest,Trees,NA,103
33,2017,47,Forest,Trees,Stable,103
33,1984,271,Forest,Trees,NA,104
33,2016,206,Forest,Trees,Stable,104
33,1985,209,Forest,Trees,NA,105
33,2017,73,Forest,Trees,Stable,105
33,1984,116,Forest,Trees,NA,106
33,2017,63,Forest,Trees,Stable,106
33,1985,216,Forest,Trees,NA,107
33,2017,56,Forest,Trees,Stable,107
33,1985,207,Forest,Trees,NA,108
33,2017,71,Forest,Trees,Stable,108
33,1985,223,Forest,Trees,NA,109
33,1995,203,Forest,Trees,Stable,109
33,1996,222,Forest,Trees,Harvest,109
33,2016,221,Forest,Trees,Growth/Recovery,109
33,1985,216,Forest,Trees,NA,110
33,2017,64,Forest,Trees,Stable,110
33,1984,196,Forest,Trees,NA,111
33,2017,70,Forest,Trees,Stable,111
33,1985,216,Forest,Trees,NA,112
33,2017,56,Forest,Trees,Stable,112
33,1984,317,Forest,Trees,NA,113
33,2017,71,Forest,Trees,Stable,113
33,1985,232,Forest,Trees,NA,114
33,2017,47,Forest,Trees,Stable,114
33,1985,200,Forest,Trees,NA,115
33,2017,56,Forest,Trees,Stable,115
33,1984,116,Forest,Trees,NA,116
33,2017,70,Forest,Trees,Stable,116
33,1984,196,Forest,Trees,NA,117
33,2017,70,Forest,Trees,Stable,117
33,1984,196,Forest,Trees,NA,118
33,2017,63,Forest,Trees,Stable,118
33,1985,216,Forest,Trees,NA,119
33,2017,56,Forest,Trees,Stable,119
33,1984,317,Forest,Trees,NA,120
33,2005,222,Forest,Trees,Stable,120
33,2006,201,Forest,Trees,Harvest,120
33,2016,221,Forest,Trees,Stable,120
33,1985,207,Forest,Trees,NA,121
33,2017,71,Forest,Trees,Stable,121
33,1985,207,Forest,Trees,NA,122
33,2017,71,Forest,Trees,Stable,122
33,1985,207,Forest,Trees,NA,123
33,2017,71,Forest,Trees,Stable,123
33,1985,223,Forest,Trees,NA,124
33,1995,219,Forest,Trees,Stable,124
33,1996,222,Forest,Trees,Harvest,124
33,2016,212,Forest,Trees,Growth/Recovery,124
33,1985,207,Forest,Trees,NA,125
33,2017,47,Forest,Trees,Stable,125
33,1984,116,Forest,Trees,NA,126
33,2017,70,Forest,Trees,Stable,126
33,1985,223,Forest,Trees,NA,127
33,2017,47,Forest,Trees,Stable,127
33,1985,216,Forest,Trees,NA,128
33,2017,71,Forest,Trees,Stable,128
33,1984,116,Forest,Trees,NA,129
33,2016,212,Forest,Trees,Stable,129
33,1985,223,Forest,Trees,NA,130
33,2017,32,Forest,Trees,Stable,130
33,1984,196,Forest,Trees,NA,131
33,2005,221,Forest,Trees,Stable,131
33,2006,208,Forest,Trees,Harvest,131
33,2016,220,Forest,Trees,Growth/Recovery,131
33,1985,209,Forest,Trees,NA,132
33,2017,56,Forest,Trees,Stable,132
33,1985,216,Forest,Trees,NA,133
33,2017,56,Forest,Trees,Stable,133
33,1985,223,Other,Non-tree,NA,134
33,2016,213,Forest,Trees,Growth/Recovery,134
33,1985,184,Forest,Trees,NA,135
33,2017,56,Forest,Trees,Stable,135
33,1984,271,Forest,Trees,NA,136
33,2010,221,Forest,Trees,Stable,136
33,2011,208,Forest,Trees,Harvest,136
33,2017,73,Forest,Trees,Growth/Recovery,136
33,1985,207,Forest,Trees,NA,137
33,1986,219,Forest,Non-tree,Harvest,137
33,1992,211,Forest,Trees,Growth/Recovery,137
33,2017,71,Forest,Trees,Stable,137
33,1984,196,Forest,Trees,NA,138
33,2009,224,Forest,Trees,Stable,138
33,2011,215,Other,Non-tree,Harvest,138
33,2017,70,Other,Non-tree,Stable,138
33,1985,207,Forest,Trees,NA,139
33,2017,71,Forest,Trees,Stable,139
33,1984,317,Forest,Trees,NA,140
33,2017,63,Forest,Trees,Stable,140
33,1985,255,Forest,Non-tree,NA,141
33,2016,221,Forest,Trees,Growth/Recovery,141
33,1984,317,Forest,Trees,NA,142
33,2017,71,Forest,Trees,Stable,142
33,1985,216,Forest,Trees,NA,143
33,2017,8,Forest,Trees,Stable,143
33,1985,255,Forest,Trees,NA,144
33,2017,47,Forest,Trees,Stable,144
33,1985,207,Forest,Trees,NA,145
33,1999,214,Forest,Trees,Stable,145
33,2000,217,Forest,Non-tree,Harvest,145
33,2017,71,Forest,Trees,Growth/Recovery,145
33,1985,191,Forest,Trees,NA,146
33,1997,208,Forest,Trees,Stable,146
33,1998,243,Forest,Trees,Harvest,146
33,2016,221,Forest,Trees,Growth/Recovery,146
33,1985,207,Forest,Trees,NA,147
33,2010,213,Forest,Trees,Stable,147
33,2011,184,Forest,Trees,Harvest,147
33,2017,71,Forest,Trees,Growth/Recovery,147
33,1984,317,Forest,Trees,NA,148
33,2017,47,Forest,Trees,Stable,148
33,1984,196,Forest,Trees,NA,149
33,1986,210,Forest,Trees,Stable,149
33,1987,220,Forest,Non-tree,Harvest,149
33,1996,213,Forest,Trees,Growth/Recovery,149
33,2016,212,Forest,Trees,Stable,149
33,1985,232,Forest,Trees,NA,150
33,2017,24,Forest,Trees,Stable,150
33,1984,317,Forest,Trees,NA,151
33,2016,221,Forest,Trees,Stable,151
33,1985,207,Forest,Trees,NA,152
33,1999,207,Forest,Trees,Stable,152
33,2000,225,Forest,Non-tree,Hydrology,152
33,2010,212,Forest,Trees,Growth/Recovery,152
33,2016,221,Forest,Trees,Stable,152
33,1984,127,Forest,Trees,NA,153
33,2017,73,Forest,Trees,Stable,153
33,1984,196,Forest,Trees,NA,154
33,2016,220,Forest,Trees,Stable,154
33,1985,216,Forest,Trees,NA,155
33,2017,47,Forest,Trees,Stable,155
33,1984,317,Forest,Trees,NA,156
33,2016,229,Forest,Trees,Stable,156
33,1984,317,Forest,Trees,NA,157
33,2003,218,Forest,Trees,Stable,157
33,2004,213,Forest,Trees,Harvest,157
33,2017,64,Forest,Trees,Growth/Recovery,157
33,1984,196,Forest,Trees,NA,158
33,2017,70,Forest,Trees,Stable,158
33,1985,207,Forest,Trees,NA,159
33,2017,71,Forest,Trees,Stable,159
33,1985,200,Forest,Trees,NA,160
33,1989,211,Forest,Trees,Stable,160
33,1990,214,Forest,Trees,Harvest,160
33,2016,198,Forest,Trees,Growth/Recovery,160
33,1984,317,Forest,Trees,NA,161
33,2017,71,Forest,Trees,Stable,161
33,1985,216,Forest,Trees,NA,162
33,2009,218,Forest,Trees,Stable,162
33,2010,213,Other,Non-tree,Harvest,162
33,2017,56,Other,Non-tree,Stable,162
33,1984,196,Forest,Trees,NA,163
33,2017,70,Forest,Trees,Stable,163
33,1985,216,Forest,Trees,NA,164
33,2017,24,Forest,Trees,Stable,164
33,1984,196,Forest,Trees,NA,165
33,2017,54,Forest,Trees,Stable,165
33,1984,317,Forest,Trees,NA,166
33,2017,64,Forest,Trees,Stable,166
33,1985,216,Forest,Trees,NA,167
33,2017,24,Forest,Trees,Stable,167
33,1984,196,Forest,Trees,NA,168
33,2017,54,Forest,Trees,Stable,168
33,1985,216,Forest,Trees,NA,169
33,2017,73,Forest,Trees,Stable,169
33,1984,196,Forest,Trees,NA,170
33,2017,54,Forest,Trees,Stable,170
33,1984,317,Forest,Trees,NA,171
33,2017,71,Forest,Trees,Stable,171
33,1985,207,Forest,Trees,NA,172
33,2017,47,Forest,Trees,Stable,172
33,1984,196,Forest,Trees,NA,173
33,2017,70,Forest,Trees,Stable,173
33,1984,317,Forest,Trees,NA,174
33,2017,63,Forest,Trees,Stable,174
33,1985,216,Forest,Trees,NA,175
33,2017,73,Forest,Trees,Stable,175
33,1984,317,Forest,Trees,NA,176
33,1995,212,Forest,Trees,Stable,176
33,1996,222,Forest,Trees,Harvest,176
33,2006,202,Forest,Trees,Growth/Recovery,176
33,2016,221,Forest,Trees,Stable,176
33,1985,207,Forest,Trees,NA,177
33,2017,47,Forest,Trees,Stable,177
33,1985,207,Forest,Trees,NA,178
33,2017,71,Forest,Trees,Stable,178
33,1984,196,Forest,Trees,NA,179
33,2017,70,Forest,Trees,Stable,179
33,1984,196,Forest,Trees,NA,180
33,2017,70,Forest,Trees,Stable,180
33,1985,216,Forest,Trees,NA,181
33,2017,56,Forest,Trees,Stable,181
33,1984,196,Forest,Trees,NA,182
33,2017,47,Forest,Trees,Stable,182
33,1985,207,Forest,Trees,NA,183
33,2017,47,Forest,Trees,Stable,183
33,1984,271,Forest,Trees,NA,184
33,2012,235,Forest,Trees,Stable,184
33,2013,214,Forest,Non-tree,Harvest,184
33,2017,73,Forest,Non-tree,Growth/Recovery,184
33,1985,207,Forest,Trees,NA,185
33,2017,23,Forest,Trees,Stable,185
33,1985,216,Forest,Trees,NA,186
33,2017,24,Forest,Trees,Stable,186
33,1985,216,Forest,Trees,NA,187
33,1987,190,Forest,Trees,Stable,187
33,1989,211,Forest,Trees,Other,187
33,1996,215,Forest,Trees,Growth/Recovery,187
33,2016,206,Forest,Trees,Stable,187
33,1985,223,Other,Non-tree,NA,188
33,2017,54,Forest,Trees,Growth/Recovery,188
33,1984,196,Forest,Trees,NA,189
33,2017,70,Forest,Trees,Stable,189
33,1984,196,Other,Non-tree,NA,190
33,2017,70,Forest,Trees,Growth/Recovery,190
33,1985,209,Other,Non-tree,NA,191
33,2017,73,Forest,Trees,Growth/Recovery,191
33,1985,216,Forest,Trees,NA,192
33,1996,215,Forest,Trees,Stable,192
33,1999,207,Forest,Trees,Decline,192
33,2017,73,Forest,Trees,Growth/Recovery,192
33,1984,317,Forest,Trees,NA,193
33,2017,64,Forest,Trees,Stable,193
33,1985,216,Forest,Trees,NA,194
33,2016,206,Forest,Trees,Stable,194
33,1985,223,Forest,Trees,NA,195
33,2013,212,Forest,Trees,Stable,195
33,2014,199,Forest,Trees,Harvest,195
33,2016,213,Forest,Trees,Growth/Recovery,195
33,1984,271,Forest,Trees,NA,196
33,2017,73,Forest,Trees,Stable,196
33,1984,317,Forest,Trees,NA,197
33,2002,230,Forest,Trees,Stable,197
33,2006,201,Forest,Trees,Decline,197
33,2017,47,Forest,Trees,Growth/Recovery,197
33,1985,216,Forest,Trees,NA,198
33,2017,71,Forest,Trees,Stable,198
33,1984,196,Forest,Trees,NA,199
33,2017,70,Forest,Trees,Stable,199
33,1984,196,Forest,Trees,NA,200
33,2017,23,Forest,Trees,Stable,200
33,1985,223,Other,Non-tree,NA,201
33,2017,71,Forest,Trees,Stable,201
33,1984,196,Forest,Trees,NA,202
33,2017,54,Forest,Trees,Stable,202
33,1984,317,Other,Non-tree,NA,203
33,2017,64,Forest,Trees,Growth/Recovery,203
33,1984,271,Forest,Trees,NA,204
33,2005,208,Forest,Trees,Stable,204
33,2006,203,Forest,Trees,Harvest,204
33,2016,199,Forest,Trees,Growth/Recovery,204
33,1985,232,Forest,Trees,NA,205
33,2017,71,Forest,Trees,Stable,205
33,1984,317,Forest,Trees,NA,206
33,2017,54,Forest,Trees,Stable,206
33,1985,232,Forest,Trees,NA,207
33,2017,56,Forest,Trees,Stable,207
33,1985,223,Forest,Trees,NA,208
33,2017,70,Forest,Trees,Stable,208
33,1984,317,Forest,Trees,NA,209
33,2017,64,Forest,Trees,Stable,209
33,1984,317,Forest,Trees,NA,210
33,2017,70,Forest,Trees,Stable,210
33,1985,207,Forest,Trees,NA,211
33,1999,214,Forest,Trees,Stable,211
33,2000,209,Forest,Trees,Harvest,211
33,2016,221,Forest,Trees,Growth/Recovery,211
33,1984,317,Forest,Trees,NA,212
33,2017,71,Forest,Trees,Stable,212
33,1984,317,Forest,Trees,NA,213
33,2017,63,Forest,Trees,Stable,213
33,1984,196,Forest,Trees,NA,214
33,2017,70,Forest,Trees,Stable,214
33,1984,196,Forest,Trees,NA,215
33,2017,70,Forest,Trees,Stable,215
33,1985,207,Forest,Trees,NA,216
33,2016,221,Forest,Trees,Stable,216
33,1985,216,Forest,Trees,NA,217
33,2017,16,Forest,Trees,Stable,217
33,1984,196,Forest,Trees,NA,218
33,2017,70,Forest,Trees,Stable,218
33,1985,207,Forest,Trees,NA,219
33,2017,64,Forest,Trees,Stable,219
33,1985,223,Forest,Trees,NA,220
33,2017,47,Forest,Trees,Stable,220
33,1984,271,Forest,Trees,NA,221
33,2017,73,Forest,Trees,Stable,221
33,1985,223,Forest,Trees,NA,222
33,2016,221,Forest,Trees,Stable,222
33,1984,196,Forest,Trees,NA,223
33,2017,70,Forest,Trees,Stable,223
33,1985,223,Forest,Trees,NA,224
33,2017,63,Forest,Trees,Stable,224
33,1985,216,Forest,Trees,NA,225
33,2017,23,Forest,Trees,Stable,225
33,1984,196,Forest,Trees,NA,226
33,2017,54,Forest,Trees,Stable,226
33,1985,223,Forest,Trees,NA,227
33,2017,54,Forest,Trees,Stable,227
33,1984,127,Forest,Trees,NA,228
33,2013,214,Forest,Trees,Stable,228
33,2014,200,Forest,Non-tree,Harvest,228
33,2017,1,Forest,Non-tree,Stable,228
33,1984,317,Forest,Trees,NA,229
33,2017,47,Forest,Trees,Stable,229
33,1984,317,Forest,Trees,NA,230
33,2017,64,Forest,Trees,Stable,230
33,1984,196,Forest,Trees,NA,231
33,2017,54,Forest,Trees,Stable,231
33,1985,223,Forest,Trees,NA,232
33,2011,223,Forest,Trees,Stable,232
33,2012,194,Forest,Trees,Wind,232
33,2017,47,Forest,Trees,Stable,232
33,1984,317,Forest,Trees,NA,233
33,2017,63,Forest,Trees,Stable,233
33,1985,209,Forest,Trees,NA,234
33,2017,25,Forest,Trees,Stable,234
33,1984,164,Forest,Trees,NA,235
33,2017,70,Forest,Trees,Stable,235
33,1984,365,Forest,Trees,NA,236
33,2017,71,Forest,Trees,Stable,236
33,1984,196,Forest,Trees,NA,237
33,2017,70,Forest,Trees,Stable,237
33,1984,317,Forest,Trees,NA,238
33,2017,70,Forest,Trees,Stable,238
33,1985,207,Forest,Trees,NA,239
33,2017,54,Forest,Trees,Stable,239
33,1985,232,Forest,Trees,NA,240
33,2017,73,Forest,Trees,Stable,240
33,1984,317,Forest,Trees,NA,241
33,2016,221,Forest,Trees,Stable,241
33,1985,216,Forest,Trees,NA,242
33,2017,56,Forest,Trees,Stable,242
33,1985,184,Forest,Trees,NA,243
33,2017,56,Forest,Trees,Stable,243
33,1984,317,Forest,Trees,NA,244
33,2017,56,Forest,Trees,Stable,244
33,1985,216,Forest,Trees,NA,245
33,2016,229,Forest,Trees,Stable,245
33,1985,232,Forest,Trees,NA,246
33,2017,33,Forest,Trees,Stable,246
33,1985,216,Forest,Trees,NA,247
33,2017,73,Forest,Trees,Stable,247
33,1984,317,Forest,Trees,NA,248
33,1999,214,Forest,Trees,Stable,248
33,2000,225,Forest,Non-tree,Wind,248
33,2017,63,Forest,Trees,Growth/Recovery,248
33,1985,207,Forest,Trees,NA,249
33,1997,208,Forest,Trees,Stable,249
33,1999,207,Forest,Trees,Harvest,249
33,2016,221,Forest,Trees,Growth/Recovery,249
33,1984,317,Forest,Trees,NA,250
33,2017,63,Forest,Trees,Stable,250
33,1984,317,Forest,Trees,NA,251
33,2017,47,Forest,Trees,Stable,251
33,1985,216,Forest,Trees,NA,252
33,2017,73,Forest,Trees,Stable,252
33,1984,196,Forest,Trees,NA,253
33,2017,70,Forest,Trees,Stable,253
33,1984,317,Forest,Trees,NA,254
33,1998,211,Forest,Trees,Stable,254
33,1999,206,Forest,Trees,Harvest,254
33,2017,63,Forest,Trees,Growth/Recovery,254
33,1985,232,Forest,Trees,NA,255
33,2017,63,Forest,Trees,Stable,255
33,1985,223,Forest,Trees,NA,256
33,2017,47,Forest,Trees,Stable,256
33,1984,317,Forest,Trees,NA,257
33,2017,63,Forest,Trees,Stable,257
33,1985,255,Forest,Trees,NA,258
33,2005,222,Forest,Trees,Stable,258
33,2006,202,Forest,Trees,Harvest,258
33,2017,23,Forest,Trees,Growth/Recovery,258
33,1984,196,Forest,Trees,NA,259
33,2016,212,Forest,Trees,Stable,259
33,1984,317,Forest,Trees,NA,260
33,2017,47,Forest,Trees,Stable,260
33,1984,196,Forest,Trees,NA,261
33,2007,227,Forest,Trees,Stable,261
33,2008,206,Forest,Trees,Harvest,261
33,2016,220,Forest,Trees,Growth/Recovery,261
33,1985,216,Forest,Trees,NA,262
33,2016,214,Forest,Trees,Stable,262
33,1985,216,Forest,Trees,NA,263
33,2017,49,Forest,Trees,Stable,263
33,1984,196,Forest,Trees,NA,264
33,2017,70,Forest,Trees,Stable,264
33,1984,317,Forest,Trees,NA,265
33,1999,214,Forest,Trees,Stable,265
33,2000,225,Forest,Non-tree,Harvest,265
33,2017,63,Forest,Trees,Growth/Recovery,265
33,1984,196,Forest,Trees,NA,266
33,2017,63,Forest,Trees,Stable,266
33,1985,207,Forest,Trees,NA,267
33,2016,221,Forest,Trees,Stable,267
33,1985,216,Forest,Trees,NA,268
33,2017,56,Forest,Trees,Stable,268
33,1984,196,Forest,Trees,NA,269
33,2017,70,Forest,Trees,Stable,269
33,1985,207,Forest,Trees,NA,270
33,2017,64,Forest,Trees,Stable,270
33,1984,196,Forest,Trees,NA,271
33,2016,220,Forest,Trees,Stable,271
33,1985,223,Forest,Trees,NA,272
33,2017,7,Forest,Trees,Stable,272
33,1984,317,Forest,Trees,NA,273
33,2017,47,Forest,Trees,Stable,273
33,1984,317,Forest,Trees,NA,274
33,2017,63,Forest,Trees,Stable,274
33,1984,196,Forest,Trees,NA,275
33,2017,70,Forest,Trees,Stable,275
33,1985,216,Forest,Trees,NA,276
33,2017,73,Forest,Trees,Stable,276
33,1984,116,Forest,Trees,NA,277
33,2017,70,Forest,Trees,Stable,277
33,1984,317,Forest,Trees,NA,278
33,2017,24,Forest,Trees,Stable,278
33,1985,207,Forest,Trees,NA,279
33,2017,71,Forest,Trees,Stable,279
33,1984,100,Forest,Trees,NA,280
33,2017,70,Forest,Trees,Stable,280
33,1985,216,Forest,Trees,NA,281
33,2016,214,Forest,Trees,Stable,281
33,1984,317,Forest,Trees,NA,282
33,2017,71,Forest,Trees,Stable,282
33,1984,317,Forest,Trees,NA,283
33,2017,23,Forest,Trees,Stable,283
33,1984,116,Forest,Trees,NA,284
33,2017,70,Forest,Trees,Stable,284
33,1984,196,Forest,Trees,NA,285
33,2016,220,Forest,Trees,Stable,285
33,1984,317,Forest,Trees,NA,286
33,2017,47,Forest,Trees,Stable,286
33,1985,184,Forest,Trees,NA,287
33,2017,56,Forest,Trees,Stable,287
33,1984,239,Forest,Trees,NA,288
33,2017,73,Forest,Trees,Stable,288
33,1984,317,Forest,Trees,NA,289
33,2017,71,Forest,Trees,Stable,289
33,1985,216,Forest,Trees,NA,290
33,2017,56,Forest,Trees,Stable,290
33,1984,317,Forest,Trees,NA,291
33,2017,47,Forest,Trees,Stable,291
33,1985,216,Forest,Trees,NA,292
33,2017,16,Forest,Trees,Stable,292
33,1984,196,Forest,Trees,NA,293
33,2001,210,Forest,Trees,Stable,293
33,2002,214,Forest,Trees,Harvest,293
33,2016,213,Forest,Trees,Growth/Recovery,293
33,1984,317,Forest,Trees,NA,294
33,2017,40,Forest,Trees,Stable,294
33,1985,296,Forest,Trees,NA,295
33,2017,73,Forest,Trees,Stable,295
33,1984,317,Forest,Trees,NA,296
33,2017,47,Forest,Trees,Stable,296
33,1984,116,Forest,Trees,NA,297
33,1999,214,Forest,Trees,Stable,297
33,2000,225,Forest,Trees,Harvest,297
33,2017,70,Forest,Trees,Growth/Recovery,297
33,1984,196,Forest,Trees,NA,298
33,2017,54,Forest,Trees,Stable,298
33,1984,196,Forest,Trees,NA,299
33,2017,70,Forest,Trees,Stable,299
33,1984,116,Forest,Trees,NA,300
33,2017,70,Forest,Trees,Stable,300
33,1984,317,Forest,Trees,NA,301
33,2017,64,Forest,Trees,Stable,301
33,1984,196,Forest,Trees,NA,302
33,1999,214,Forest,Trees,Stable,302
33,2000,217,Forest,Non-tree,Wind,302
33,2017,70,Forest,Trees,Growth/Recovery,302
33,1984,317,Forest,Trees,NA,303
33,2005,222,Forest,Trees,Stable,303
33,2006,201,Forest,Trees,Harvest,303
33,2016,221,Forest,Trees,Growth/Recovery,303
33,1984,239,Forest,Trees,NA,304
33,2017,25,Forest,Trees,Stable,304
33,1984,196,Forest,Trees,NA,305
33,2017,63,Forest,Trees,Stable,305
33,1985,223,Forest,Trees,NA,306
33,2017,47,Forest,Trees,Stable,306
33,1984,196,Forest,Trees,NA,307
33,2017,63,Forest,Trees,Stable,307
33,1984,116,Forest,Trees,NA,308
33,2017,70,Forest,Trees,Stable,308
33,1984,239,Forest,Trees,NA,309
33,2015,212,Forest,Trees,Stable,309
33,2016,174,Forest,Trees,Other,309
33,1984,116,Forest,Trees,NA,310
33,2017,54,Forest,Trees,Stable,310
33,1985,216,Forest,Trees,NA,311
33,2017,56,Forest,Trees,Stable,311
33,1984,196,Forest,Trees,NA,312
33,2017,63,Forest,Trees,Stable,312
33,1984,196,Forest,Trees,NA,313
33,2017,70,Forest,Trees,Stable,313
33,1984,317,Forest,Trees,NA,314
33,2013,212,Forest,Trees,Stable,314
33,2014,199,Forest,Trees,Harvest,314
33,2017,47,Forest,Trees,Growth/Recovery,314
33,1985,216,Forest,Trees,NA,315
33,2017,71,Forest,Trees,Stable,315
33,1984,317,Forest,Trees,NA,316
33,2002,230,Forest,Trees,Stable,316
33,2003,217,Forest,Trees,Harvest,316
33,2004,212,Forest,Trees,Stable,316
33,2005,222,Forest,Non-tree,Harvest,316
33,2016,221,Forest,Trees,Growth/Recovery,316
33,1984,196,Forest,Trees,NA,317
33,1999,214,Forest,Trees,Growth/Recovery,317
33,2000,225,Forest,Trees,Harvest,317
33,2017,47,Forest,Trees,Growth/Recovery,317
33,1984,317,Forest,Trees,NA,318
33,2017,64,Forest,Trees,Stable,318
33,1985,248,Forest,Trees,NA,319
33,2017,56,Forest,Trees,Stable,319
33,1984,196,Forest,Trees,NA,320
33,2017,6,Forest,Trees,Stable,320
33,1984,239,Forest,Trees,NA,321
33,2017,73,Forest,Trees,Stable,321
33,1985,216,Forest,Trees,NA,322
33,2010,213,Forest,Trees,Stable,322
33,2011,208,Forest,Trees,Harvest,322
33,2017,56,Forest,Trees,Growth/Recovery,322
33,1984,196,Forest,Trees,NA,323
33,2017,54,Forest,Trees,Stable,323
33,1984,317,Forest,Trees,NA,324
33,2017,71,Forest,Trees,Stable,324
33,1984,317,Forest,Trees,NA,325
33,2017,47,Forest,Trees,Stable,325
33,1984,239,Forest,Trees,NA,326
33,2017,1,Forest,Trees,Stable,326
33,1984,317,Forest,Trees,NA,327
33,2017,64,Forest,Trees,Stable,327
33,1984,196,Forest,Trees,NA,328
33,2017,54,Forest,Trees,Stable,328
33,1985,191,Forest,Trees,NA,329
33,2017,32,Forest,Trees,Stable,329
33,1984,317,Forest,Trees,NA,330
33,2017,63,Forest,Trees,Stable,330
33,1985,223,Forest,Trees,NA,331
33,2017,71,Forest,Trees,Stable,331
33,1985,216,Forest,Trees,NA,332
33,2016,221,Forest,Trees,Stable,332
33,1985,216,Forest,Trees,NA,333
33,2017,48,Forest,Trees,Stable,333
33,1984,196,Forest,Trees,NA,334
33,2017,63,Forest,Trees,Stable,334
33,1984,196,Forest,Trees,NA,335
33,2017,54,Forest,Trees,Stable,335
33,1984,196,Forest,Trees,NA,336
33,2017,70,Forest,Trees,Stable,336
33,1984,317,Forest,Trees,NA,337
33,2017,63,Forest,Trees,Stable,337
33,1984,317,Forest,Trees,NA,338
33,2017,64,Forest,Trees,Stable,338
33,1984,239,Forest,Trees,NA,339
33,2017,73,Forest,Trees,Stable,339
33,1985,200,Forest,Trees,NA,340
33,2017,64,Forest,Trees,Stable,340
33,1984,317,Forest,Trees,NA,341
33,2017,47,Forest,Trees,Stable,341
33,1984,196,Forest,Trees,NA,342
33,1999,214,Forest,Trees,Stable,342
33,2000,217,Forest,Trees,Harvest,342
33,2017,70,Forest,Trees,Growth/Recovery,342
33,1984,317,Forest,Trees,NA,343
33,2017,63,Forest,Trees,Stable,343
33,1984,196,Forest,Trees,NA,344
33,2017,70,Forest,Trees,Stable,344
33,1984,196,Forest,Trees,NA,345
33,2001,210,Forest,Trees,Stable,345
33,2002,214,Forest,Trees,Harvest,345
33,2017,70,Forest,Trees,Growth/Recovery,345
33,1984,317,Forest,Trees,NA,346
33,2017,47,Forest,Trees,Stable,346
33,1985,209,Forest,Trees,NA,347
33,2017,1,Forest,Trees,Stable,347
33,1984,271,Forest,Trees,NA,348
33,1997,217,Forest,Trees,Stable,348
33,1998,220,Forest,Trees,Harvest,348
33,2016,199,Forest,Trees,Growth/Recovery,348
33,1985,216,Forest,Trees,NA,349
33,2017,56,Forest,Trees,Stable,349
33,1984,317,Forest,Trees,NA,350
33,1998,211,Forest,Trees,Stable,350
33,2003,225,Forest,Trees,Decline,350
33,2016,221,Forest,Trees,Growth/Recovery,350
33,1984,317,Forest,Trees,NA,351
33,2017,47,Forest,Trees,Stable,351
33,1984,317,Forest,Trees,NA,352
33,2017,63,Forest,Trees,Stable,352
33,1984,196,Forest,Trees,NA,353
33,2017,63,Forest,Trees,Stable,353
33,1985,191,Forest,Trees,NA,354
33,2016,221,Forest,Trees,Stable,354
33,1984,317,Forest,Trees,NA,355
33,2017,47,Forest,Trees,Stable,355
33,1984,317,Forest,Trees,NA,356
33,2017,64,Forest,Trees,Stable,356
33,1984,317,Forest,Trees,NA,357
33,2017,71,Forest,Trees,Stable,357
33,1984,196,Forest,Trees,NA,358
33,2017,70,Forest,Trees,Stable,358
33,1984,196,Forest,Trees,NA,359
33,2012,217,Forest,Trees,Stable,359
33,2013,212,Forest,Trees,Harvest,359
33,2016,220,Forest,Trees,Growth/Recovery,359
33,1984,196,Forest,Trees,NA,360
33,2017,55,Forest,Trees,Stable,360
33,1985,184,Forest,Trees,NA,361
33,2017,40,Forest,Trees,Stable,361
33,1984,196,Forest,Trees,NA,362
33,2001,211,Forest,Trees,Stable,362
33,2003,216,Forest,Trees,Harvest,362
33,2017,70,Forest,Trees,Growth/Recovery,362
33,1984,196,Forest,Trees,NA,363
33,2017,70,Forest,Trees,Stable,363
33,1984,196,Forest,Trees,NA,364
33,1995,187,Forest,Trees,Stable,364
33,1999,222,Other,Non-tree,Decline,364
33,2016,213,Other,Non-tree,Stable,364
33,1985,209,Forest,Trees,NA,365
33,1987,215,Forest,Trees,Stable,365
33,1988,218,Forest,Non-tree,Harvest,365
33,1991,217,Forest,Trees,Growth/Recovery,365
33,2017,73,Forest,Trees,Stable,365
33,1984,317,Forest,Trees,NA,366
33,2017,56,Forest,Trees,Stable,366
33,1985,184,Forest,Trees,NA,367
33,2017,64,Forest,Trees,Stable,367
33,1984,196,Forest,Trees,NA,368
33,2016,212,Forest,Trees,Stable,368
33,1984,317,Forest,Trees,NA,369
33,2008,207,Forest,Trees,Stable,369
33,2009,209,Forest,Trees,Harvest,369
33,2017,47,Forest,Trees,Growth/Recovery,369
33,1985,200,Forest,Trees,NA,370
33,2017,56,Forest,Trees,Stable,370
33,1984,239,Forest,Trees,NA,371
33,2017,73,Forest,Trees,Stable,371
33,1984,317,Forest,Trees,NA,372
33,2017,71,Forest,Trees,Stable,372
33,1985,200,Forest,Trees,NA,373
33,2017,24,Forest,Trees,Stable,373
33,1984,196,Forest,Trees,NA,374
33,2017,70,Forest,Trees,Stable,374
33,1984,196,Forest,Trees,NA,375
33,2017,46,Forest,Trees,Stable,375
33,1984,196,Forest,Trees,NA,376
33,2017,54,Forest,Trees,Stable,376
33,1984,116,Forest,Trees,NA,377
33,2017,71,Forest,Trees,Stable,377
33,1984,196,Forest,Trees,NA,378
33,2017,7,Forest,Trees,Stable,378
33,1985,232,Other,Non-tree,NA,379
33,2017,56,Forest,Trees,Stable,379
33,1984,317,Forest,Trees,NA,380
33,2017,71,Forest,Trees,Stable,380
33,1985,184,Forest,Trees,NA,381
33,1987,229,Forest,Trees,Stable,381
33,1988,225,Forest,Trees,Harvest,381
33,2017,64,Forest,Trees,Growth/Recovery,381
33,1985,216,Forest,Trees,NA,382
33,2017,56,Forest,Trees,Stable,382
33,1985,209,Forest,Trees,NA,383
33,2017,56,Forest,Trees,Stable,383
33,1984,196,Forest,Trees,NA,384
33,2017,46,Forest,Trees,Stable,384
33,1985,207,Forest,Trees,NA,385
33,2017,63,Forest,Trees,Stable,385
33,1984,365,Forest,Trees,NA,386
33,2017,71,Forest,Trees,Stable,386
33,1984,196,Forest,Trees,NA,387
33,2017,70,Forest,Trees,Stable,387
33,1984,196,Forest,Trees,NA,388
33,2017,70,Forest,Trees,Stable,388
33,1984,196,Forest,Trees,NA,389
33,2017,70,Forest,Trees,Stable,389
33,1985,216,Forest,Trees,NA,390
33,2017,24,Forest,Trees,Stable,390
33,1985,232,Forest,Trees,NA,391
33,2017,56,Forest,Trees,Stable,391
33,1984,196,Forest,Trees,NA,392
33,2017,22,Forest,Trees,Stable,392
33,1984,239,Forest,Trees,NA,393
33,2009,218,Forest,Trees,Stable,393
33,2010,221,Forest,Trees,Harvest,393
33,2017,73,Forest,Trees,Growth/Recovery,393
33,1985,216,Forest,Trees,NA,394
33,2017,47,Forest,Trees,Stable,394
33,1984,239,Forest,Trees,NA,395
33,2017,73,Forest,Trees,Stable,395
33,1985,216,Forest,Trees,NA,396
33,2017,56,Forest,Trees,Stable,396
33,1984,196,Forest,Trees,NA,397
33,2017,70,Forest,Trees,Stable,397
33,1984,196,Forest,Trees,NA,398
33,2017,54,Forest,Trees,Stable,398
33,1984,196,Forest,Trees,NA,399
33,2017,70,Forest,Trees,Stable,399
33,1984,239,Forest,Trees,NA,400
33,2017,25,Forest,Trees,Stable,400
33,1984,239,Forest,Trees,NA,401
33,2017,73,Forest,Trees,Stable,401
33,1984,239,Forest,Trees,NA,402
33,2017,73,Forest,Trees,Stable,402
33,1984,317,Forest,Trees,NA,403
33,2017,63,Forest,Trees,Stable,403
33,1984,196,Forest,Trees,NA,404
33,2017,70,Forest,Trees,Growth/Recovery,404
33,1984,196,Forest,Trees,NA,405
33,2013,204,Forest,Trees,Stable,405
33,2014,206,Forest,Trees,Harvest,405
33,2016,212,Forest,Trees,Growth/Recovery,405
33,1984,196,Forest,Trees,NA,406
33,2017,70,Forest,Trees,Stable,406
33,1984,196,Forest,Trees,NA,407
33,2014,206,Forest,Trees,Stable,407
33,2015,218,Forest,Trees,Harvest,407
33,2016,220,Forest,Trees,Growth/Recovery,407
33,1984,317,Forest,Trees,NA,408
33,2017,47,Forest,Trees,Stable,408
33,1984,196,Forest,Trees,NA,409
33,2017,54,Forest,Trees,Stable,409
33,1984,317,Forest,Trees,NA,410
33,2017,70,Forest,Trees,Stable,410
33,1984,317,Forest,Trees,NA,411
33,2017,71,Forest,Trees,Stable,411
33,1985,216,Forest,Trees,NA,412
33,1997,217,Forest,Trees,Stable,412
33,1998,252,Forest,Trees,Harvest,412
33,2016,214,Forest,Trees,Stable,412
33,1984,196,Forest,Trees,NA,413
33,2004,211,Forest,Trees,Stable,413
33,2005,221,Forest,Non-tree,Harvest,413
33,2016,213,Forest,Non-tree,Growth/Recovery,413
33,1984,317,Forest,Trees,NA,414
33,2017,47,Forest,Trees,Stable,414
33,1984,239,Forest,Trees,NA,415
33,2016,199,Forest,Trees,Stable,415
33,1984,239,Forest,Trees,NA,416
33,2017,73,Forest,Trees,Stable,416
33,1984,317,Forest,Trees,NA,417
33,2017,63,Forest,Trees,Stable,417
33,1984,365,Forest,Trees,NA,418
33,2017,71,Forest,Trees,Stable,418
33,1985,200,Forest,Trees,NA,419
33,2017,56,Forest,Trees,Stable,419
33,1984,196,Forest,Trees,NA,420
33,2017,54,Forest,Trees,Stable,420
33,1984,317,Forest,Trees,NA,421
33,2017,63,Forest,Trees,Stable,421
33,1984,239,Forest,Trees,NA,422
33,2017,25,Forest,Trees,Stable,422
33,1984,271,Forest,Trees,NA,423
33,2017,73,Forest,Trees,Stable,423
33,1984,239,Forest,Trees,NA,424
33,2017,56,Forest,Trees,Stable,424
33,1984,271,Forest,Trees,NA,425
33,2017,16,Forest,Trees,Stable,425
33,1984,317,Forest,Trees,NA,426
33,2017,47,Forest,Trees,Stable,426
33,1984,317,Forest,Trees,NA,427
33,2017,71,Forest,Trees,Stable,427
33,1984,317,Forest,Trees,NA,428
33,2017,71,Forest,Trees,Stable,428
33,1984,196,Forest,Trees,NA,429
33,1989,202,Forest,Trees,Stable,429
33,1990,260,Forest,Non-tree,Wind,429
33,2016,212,Forest,Trees,Growth/Recovery,429
33,1984,317,Forest,Trees,NA,430
33,2013,212,Forest,Trees,Stable,430
33,2014,199,Forest,Trees,Harvest,430
33,2016,221,Forest,Trees,Growth/Recovery,430
33,1985,216,Forest,Trees,NA,431
33,2017,48,Forest,Trees,Stable,431
33,1984,317,Forest,Trees,NA,432
33,2017,71,Forest,Trees,Stable,432
33,1985,216,Forest,Trees,NA,433
33,2017,56,Forest,Trees,Stable,433
33,1985,232,Forest,Trees,NA,434
33,2017,56,Forest,Trees,Stable,434
33,1984,317,Forest,Trees,NA,435
33,2017,71,Forest,Trees,Stable,435
33,1984,365,Forest,Trees,NA,436
33,2017,47,Forest,Trees,Stable,436
33,1985,216,Forest,Trees,NA,437
33,2017,56,Forest,Trees,Stable,437
33,1984,196,Forest,Trees,NA,438
33,2017,54,Forest,Trees,Stable,438
33,1984,116,Forest,Trees,NA,439
33,2017,70,Forest,Trees,Stable,439
33,1984,317,Forest,Trees,NA,440
33,2017,47,Forest,Trees,Stable,440
33,1985,200,Forest,Trees,NA,441
33,2017,56,Forest,Trees,Stable,441
33,1984,196,Forest,Trees,NA,442
33,2005,221,Forest,Trees,Stable,442
33,2006,208,Forest,Trees,Harvest,442
33,2017,70,Forest,Trees,Stable,442
33,1985,216,Forest,Non-tree,NA,443
33,2017,56,Forest,Trees,Growth/Recovery,443
33,1985,216,Forest,Trees,NA,444
33,2017,56,Forest,Trees,Stable,444
33,1984,317,Forest,Trees,NA,445
33,2013,212,Forest,Trees,Stable,445
33,2014,199,Forest,Trees,Harvest,445
33,2016,229,Forest,Trees,Growth/Recovery,445
33,1984,116,Forest,Trees,NA,446
33,2017,54,Forest,Trees,Stable,446
33,1984,317,Forest,Trees,NA,447
33,1999,222,Forest,Trees,Stable,447
33,2000,226,Forest,Trees,Harvest,447
33,2005,222,Forest,Trees,Growth/Recovery,447
33,2016,221,Forest,Trees,Stable,447
33,1984,317,Forest,Trees,NA,448
33,1990,269,Forest,Trees,Stable,448
33,1991,192,Forest,Trees,Wind,448
33,1996,206,Forest,Trees,Growth/Recovery,448
33,2017,47,Forest,Trees,Stable,448
33,1985,216,Forest,Trees,NA,449
33,2017,56,Forest,Trees,Stable,449
33,1985,191,Other,Non-tree,NA,450
33,2017,23,Forest,Trees,Growth/Recovery,450
33,1984,196,Forest,Trees,NA,451
33,2017,63,Forest,Trees,Stable,451
33,1984,196,Forest,Trees,NA,452
33,2017,70,Forest,Trees,Stable,452
33,1985,255,Forest,Trees,NA,453
33,1999,206,Forest,Trees,Stable,453
33,2000,225,Forest,Trees,Wind,453
33,2016,221,Forest,Trees,Growth/Recovery,453
33,1984,365,Forest,Trees,NA,454
33,2017,71,Forest,Trees,Stable,454
33,1985,223,Forest,Trees,NA,455
33,2017,47,Forest,Trees,Stable,455
33,1984,196,Forest,Trees,NA,456
33,2017,70,Forest,Trees,Stable,456
33,1985,216,Forest,Trees,NA,457
33,2003,218,Forest,Trees,Stable,457
33,2004,182,Forest,Trees,Harvest,457
33,2015,212,Forest,Trees,Growth/Recovery,457
33,1984,196,Forest,Trees,NA,458
33,2017,70,Forest,Trees,Stable,458
33,1984,196,Forest,Trees,NA,459
33,2017,70,Forest,Trees,Stable,459
33,1985,232,Forest,Trees,NA,460
33,2017,24,Forest,Trees,Stable,460
33,1985,216,Forest,Trees,NA,461
33,2017,24,Forest,Trees,Stable,461
33,1984,317,Forest,Trees,NA,462
33,1999,214,Forest,Trees,Stable,462
33,2000,225,Forest,Trees,Harvest,462
33,2017,63,Forest,Trees,Growth/Recovery,462
33,1984,271,Forest,Trees,NA,463
33,2017,48,Forest,Trees,Stable,463
33,1984,239,Forest,Trees,NA,464
33,1997,217,Forest,Trees,Stable,464
33,1998,220,Forest,Trees,Harvest,464
33,2016,199,Forest,Trees,Growth/Recovery,464
33,1984,317,Forest,Trees,NA,465
33,2017,71,Forest,Trees,Stable,465
33,1985,223,Forest,Trees,NA,466
33,2016,221,Forest,Trees,Stable,466
33,1984,196,Forest,Trees,NA,467
33,2017,54,Forest,Trees,Stable,467
33,1984,317,Forest,Trees,NA,468
33,2017,47,Forest,Trees,Stable,468
33,1984,317,Forest,Trees,NA,469
33,2017,47,Forest,Trees,Stable,469
33,1984,239,Forest,Trees,NA,470
33,2017,73,Forest,Trees,Stable,470
33,1984,196,Forest,Trees,NA,471
33,2017,70,Forest,Trees,Stable,471
33,1984,317,Forest,Trees,NA,472
33,1996,215,Forest,Trees,Stable,472
33,2000,225,Forest,Trees,Decline,472
33,2006,202,Forest,Trees,Growth/Recovery,472
33,2017,64,Forest,Trees,Stable,472
33,1985,216,Forest,Trees,NA,473
33,2017,48,Forest,Trees,Stable,473
33,1984,196,Forest,Trees,NA,474
33,2016,212,Forest,Trees,Stable,474
33,1985,255,Forest,Trees,NA,475
33,2017,32,Forest,Trees,Stable,475
33,1984,196,Forest,Trees,NA,476
33,2017,70,Forest,Trees,Stable,476
33,1984,271,Forest,Trees,NA,477
33,2017,1,Forest,Trees,Stable,477
33,1985,223,Forest,Trees,NA,478
33,2016,221,Forest,Trees,Stable,478
33,1984,116,Forest,Trees,NA,479
33,2017,63,Forest,Trees,Stable,479
33,1985,216,Forest,Trees,NA,480
33,2016,206,Forest,Trees,Stable,480
33,1985,216,Forest,Trees,NA,481
33,2016,214,Forest,Trees,Stable,481
33,1984,317,Forest,Trees,NA,482
33,2017,47,Forest,Trees,Stable,482
33,1984,317,Forest,Trees,NA,483
33,2017,64,Forest,Trees,Stable,483
33,1984,116,Forest,Trees,NA,484
33,1999,214,Forest,Trees,Stable,484
33,2006,192,Forest,Non-tree,Decline,484
33,2016,220,Forest,Trees,Growth/Recovery,484
33,1984,111,Forest,Non-tree,NA,485
33,2017,25,Forest,Trees,Growth/Recovery,485
33,1984,317,Forest,Trees,NA,486
33,1999,207,Forest,Trees,Stable,486
33,2001,212,Forest,Trees,Harvest,486
33,2017,47,Forest,Trees,Growth/Recovery,486
33,1985,232,Forest,Trees,NA,487
33,2016,198,Forest,Trees,Stable,487
33,1985,216,Forest,Trees,NA,488
33,2016,214,Forest,Trees,Stable,488
33,1984,116,Forest,Trees,NA,489
33,2017,63,Forest,Trees,Stable,489
33,1984,196,Forest,Trees,NA,490
33,2017,70,Forest,Trees,Stable,490
33,1985,184,Forest,Trees,NA,491
33,2017,56,Forest,Trees,Stable,491
33,1985,216,Forest,Trees,NA,492
33,2003,218,Forest,Trees,Stable,492
33,2005,159,Forest,Non-tree,Fire,492
33,2016,198,Forest,Trees,Growth/Recovery,492
33,1984,317,Forest,Trees,NA,493
33,1996,213,Forest,Trees,Stable,493
33,1997,208,Other,Non-tree,Harvest,493
33,2017,70,Other,Non-tree,Stable,493
33,1985,216,Forest,Trees,NA,494
33,2017,47,Forest,Trees,Stable,494
33,1984,127,Forest,Trees,NA,495
33,2017,73,Forest,Trees,Stable,495
33,1984,196,Forest,Trees,NA,496
33,2017,70,Forest,Trees,Stable,496
33,1984,116,Forest,Trees,NA,497
33,2017,70,Forest,Trees,Stable,497
33,1984,317,Forest,Trees,NA,498
33,2004,212,Forest,Trees,Stable,498
33,2005,222,Forest,Non-tree,Harvest,498
33,2016,206,Forest,Trees,Growth/Recovery,498
33,1984,365,Forest,Trees,NA,499
33,2017,71,Forest,Trees,Stable,499
33,1984,196,Forest,Trees,NA,500
33,2005,221,Forest,Trees,Stable,500
33,2007,212,Forest,Trees,Harvest,500
33,2016,212,Forest,Trees,Growth/Recovery,500
33,1984,317,Forest,Trees,NA,501
33,2017,56,Forest,Trees,Stable,501
33,1984,317,Forest,Trees,NA,502
33,2017,64,Forest,Trees,Stable,502
33,1984,317,Forest,Trees,NA,503
33,2017,23,Forest,Trees,Stable,503
33,1984,196,Forest,Trees,NA,504
33,2017,70,Forest,Trees,Stable,504
33,1984,317,Forest,Trees,NA,505
33,2017,23,Forest,Trees,Stable,505
33,1984,196,Forest,Trees,NA,506
33,2017,54,Forest,Trees,Stable,506
33,1985,223,Forest,Trees,NA,507
33,2017,23,Forest,Trees,Stable,507
33,1984,239,Forest,Trees,NA,508
33,2002,216,Forest,Trees,Stable,508
33,2003,218,Forest,Trees,Harvest,508
33,2016,199,Forest,Trees,Growth/Recovery,508
33,1984,317,Forest,Trees,NA,509
33,2017,54,Forest,Trees,Stable,509
33,1984,317,Forest,Trees,NA,510
33,2017,71,Forest,Trees,Stable,510
33,1985,232,Forest,Trees,NA,511
33,2016,206,Forest,Trees,Stable,511
33,1985,223,Forest,Trees,NA,512
33,2017,70,Forest,Trees,Stable,512
33,1984,317,Forest,Trees,NA,513
33,2017,63,Forest,Trees,Stable,513
33,1984,196,Forest,Trees,NA,514
33,2016,220,Forest,Trees,Stable,514
33,1984,239,Forest,Trees,NA,515
33,2017,73,Forest,Trees,Stable,515
33,1984,196,Forest,Trees,NA,516
33,2016,220,Forest,Trees,Stable,516
33,1984,164,Forest,Trees,NA,517
33,2017,70,Forest,Trees,Stable,517
33,1984,196,Forest,Trees,NA,518
33,2017,54,Forest,Trees,Stable,518
33,1985,216,Forest,Trees,NA,519
33,2016,214,Forest,Trees,Stable,519
33,1984,116,Forest,Trees,NA,520
33,2009,208,Forest,Trees,Stable,520
33,2010,212,Forest,Trees,Harvest,520
33,2016,220,Forest,Trees,Growth/Recovery,520
33,1985,216,Forest,Trees,NA,521
33,2016,221,Forest,Trees,Stable,521
33,1984,317,Forest,Trees,NA,522
33,1999,214,Forest,Trees,Stable,522
33,2000,225,Forest,Trees,Harvest,522
33,2016,221,Forest,Trees,Growth/Recovery,522
33,1984,116,Forest,Trees,NA,523
33,2017,70,Forest,Trees,Stable,523
33,1984,239,Forest,Trees,NA,524
33,2017,73,Forest,Trees,Stable,524
33,1984,111,Forest,Trees,NA,525
33,2017,73,Forest,Trees,Stable,525
33,1984,239,Forest,Trees,NA,526
33,2017,41,Forest,Trees,Stable,526
33,1984,317,Forest,Trees,NA,527
33,2017,71,Forest,Trees,Stable,527
33,1984,116,Forest,Trees,NA,528
33,2017,54,Forest,Trees,Stable,528
33,1985,216,Forest,Trees,NA,529
33,2017,56,Forest,Trees,Stable,529
33,1984,317,Forest,Trees,NA,530
33,2017,64,Forest,Trees,Stable,530
33,1984,365,Forest,Trees,NA,531
33,2017,64,Forest,Trees,Stable,531
33,1984,317,Forest,Trees,NA,532
33,2017,71,Forest,Trees,Stable,532
33,1985,216,Forest,Trees,NA,533
33,2016,198,Forest,Trees,Stable,533
33,1984,317,Forest,Trees,NA,534
33,2017,23,Forest,Trees,Stable,534
33,1985,216,Forest,Trees,NA,535
33,2017,48,Forest,Trees,Stable,535
33,1984,317,Forest,Trees,NA,536
33,2002,214,Forest,Trees,Stable,536
33,2003,217,Forest,Trees,Harvest,536
33,2017,71,Forest,Trees,Growth/Recovery,536
33,1984,196,Forest,Trees,NA,537
33,2001,210,Forest,Trees,Stable,537
33,2002,214,Forest,Trees,Harvest,537
33,2017,63,Forest,Trees,Growth/Recovery,537
33,1984,317,Forest,Trees,NA,538
33,2017,63,Forest,Trees,Stable,538
33,1985,200,Forest,Trees,NA,539
33,2016,206,Forest,Trees,Stable,539
33,1985,232,Forest,Trees,NA,540
33,2016,238,Forest,Trees,Stable,540
33,1984,317,Forest,Trees,NA,541
33,2017,63,Forest,Trees,Stable,541
33,1985,216,Forest,Trees,NA,542
33,2016,238,Forest,Trees,Stable,542
33,1984,164,Forest,Trees,NA,543
33,2010,188,Forest,Trees,Stable,543
33,2011,214,Forest,Trees,Harvest,543
33,2016,212,Forest,Trees,Growth/Recovery,543
33,1985,264,Forest,Trees,NA,544
33,2017,24,Forest,Trees,Stable,544
33,1984,317,Forest,Trees,NA,545
33,1991,217,Forest,Trees,Stable,545
33,1992,220,Forest,Trees,Harvest,545
33,2017,64,Forest,Trees,Growth/Recovery,545
33,1984,317,Forest,Trees,NA,546
33,2002,214,Forest,Trees,Stable,546
33,2003,217,Forest,Trees,Harvest,546
33,2017,71,Forest,Trees,Growth/Recovery,546
33,1985,223,Forest,Trees,NA,547
33,2016,212,Forest,Trees,Stable,547
33,1984,196,Forest,Trees,NA,548
33,2016,220,Forest,Trees,Stable,548
33,1985,223,Forest,Trees,NA,549
33,2017,47,Forest,Trees,Stable,549
33,1984,317,Forest,Trees,NA,550
33,2017,71,Forest,Trees,Stable,550
33,1984,317,Forest,Trees,NA,551
33,2017,63,Forest,Trees,Stable,551
33,1984,239,Forest,Trees,NA,552
33,2017,1,Forest,Trees,Stable,552
33,1984,317,Forest,Trees,NA,553
33,2017,64,Forest,Trees,Stable,553
33,1985,216,Forest,Trees,NA,554
33,2016,214,Forest,Trees,Stable,554
33,1985,216,Forest,Trees,NA,555
33,2010,213,Forest,Trees,Stable,555
33,2011,216,Forest,Non-tree,Harvest,555
33,2017,56,Forest,Trees,Growth/Recovery,555
33,1985,223,Forest,Trees,NA,556
33,2004,204,Forest,Trees,Stable,556
33,2012,258,Forest,Trees,Decline,556
33,2016,221,Forest,Trees,Stable,556
33,1984,196,Forest,Trees,NA,557
33,2016,212,Forest,Trees,Stable,557
33,1984,196,Forest,Trees,NA,558
33,2017,70,Forest,Trees,Stable,558
33,1984,317,Forest,Trees,NA,559
33,2016,221,Forest,Trees,Stable,559
33,1984,317,Forest,Trees,NA,560
33,2017,71,Forest,Trees,Stable,560
33,1984,317,Forest,Trees,NA,561
33,2017,64,Forest,Trees,Stable,561
33,1984,317,Forest,Trees,NA,562
33,2017,71,Forest,Trees,Stable,562
33,1984,317,Forest,Trees,NA,563
33,2017,71,Forest,Trees,Stable,563
33,1984,317,Forest,Trees,NA,564
33,2017,71,Forest,Trees,Stable,564
33,1984,317,Forest,Non-tree,NA,565
33,1998,211,Forest,Trees,Growth/Recovery,565
33,2017,71,Forest,Trees,Stable,565
33,1984,317,Forest,Trees,NA,566
33,2017,71,Forest,Trees,Stable,566
33,1985,216,Forest,Trees,NA,567
33,1986,219,Forest,Non-tree,Harvest,567
33,1998,220,Forest,Trees,Growth/Recovery,567
33,2016,206,Forest,Trees,Stable,567
33,1985,223,Forest,Non-tree,NA,568
33,2012,258,Forest,Trees,Growth/Recovery,568
33,2013,212,Forest,Trees,Harvest,568
33,2016,229,Forest,Trees,Growth/Recovery,568
33,1985,207,Forest,Trees,NA,569
33,2016,221,Forest,Trees,Stable,569
33,1985,223,Forest,Trees,NA,570
33,2016,221,Forest,Trees,Stable,570
33,1984,196,Forest,Trees,NA,571
33,2017,63,Forest,Trees,Stable,571
33,1984,196,Forest,Trees,NA,572
33,1991,231,Forest,Trees,Stable,572
33,1992,218,Forest,Trees,Harvest,572
33,2004,211,Forest,Trees,Stable,572
33,2005,213,Forest,Non-tree,Harvest,572
33,2016,220,Forest,Trees,Growth/Recovery,572
33,1985,223,Forest,Trees,NA,573
33,2017,23,Forest,Trees,Stable,573
33,1984,239,Forest,Trees,NA,574
33,2017,73,Forest,Trees,Stable,574
33,1984,116,Forest,Trees,NA,575
33,2017,63,Forest,Trees,Stable,575
33,1984,317,Forest,Trees,NA,576
33,2017,63,Forest,Trees,Stable,576
33,1985,200,Forest,Trees,NA,577
33,2017,40,Forest,Trees,Stable,577
33,1984,116,Forest,Trees,NA,578
33,2017,70,Forest,Trees,Stable,578
33,1984,196,Forest,Trees,NA,579
33,2009,216,Forest,Trees,Stable,579
33,2010,212,Forest,Trees,Harvest,579
33,2016,220,Forest,Trees,Growth/Recovery,579
33,1985,223,Forest,Trees,NA,580
33,2016,221,Forest,Trees,Stable,580
33,1984,239,Forest,Trees,NA,581
33,2017,25,Forest,Trees,Stable,581
33,1984,196,Forest,Trees,NA,582
33,2016,213,Forest,Trees,Stable,582
33,1984,196,Forest,Trees,NA,583
33,2016,220,Forest,Trees,Stable,583
33,1985,216,Forest,Trees,NA,584
33,2017,16,Forest,Trees,Stable,584
33,1984,317,Forest,Trees,NA,585
33,1995,212,Forest,Trees,Stable,585
33,1996,222,Forest,Non-tree,Harvest,585
33,2017,71,Forest,Trees,Growth/Recovery,585
33,1985,200,Forest,Trees,NA,586
33,2006,202,Forest,Trees,Stable,586
33,2007,213,Forest,Trees,Harvest,586
33,2016,198,Forest,Trees,Growth/Recovery,586
33,1984,317,Forest,Trees,NA,587
33,2016,221,Forest,Trees,Stable,587
33,1985,232,Forest,Trees,NA,588
33,2016,206,Forest,Trees,Stable,588
33,1984,196,Forest,Trees,NA,589
33,2016,213,Forest,Trees,Stable,589
33,1984,196,Forest,Trees,NA,590
33,2016,212,Forest,Trees,Stable,590
33,1984,365,Forest,Trees,NA,591
33,2010,212,Forest,Trees,Stable,591
33,2011,207,Forest,Trees,Harvest,591
33,2016,221,Forest,Trees,Growth/Recovery,591
33,1984,196,Forest,Trees,NA,592
33,2016,213,Forest,Trees,Stable,592
33,1984,317,Forest,Trees,NA,593
33,2017,47,Forest,Trees,Stable,593
33,1984,196,Forest,Trees,NA,594
33,2017,70,Forest,Trees,Stable,594
33,1984,317,Forest,Trees,NA,595
33,2017,71,Forest,Trees,Stable,595
33,1985,216,Forest,Trees,NA,596
33,2017,56,Forest,Trees,Stable,596
33,1985,216,Forest,Trees,NA,597
33,2017,23,Forest,Trees,Stable,597
33,1984,196,Forest,Trees,NA,598
33,2016,212,Forest,Trees,Stable,598
33,1984,317,Forest,Trees,NA,599
33,2009,218,Forest,Trees,Stable,599
33,2010,213,Forest,Trees,Harvest,599
33,2016,221,Forest,Trees,Growth/Recovery,599
33,1984,196,Forest,Trees,NA,600
33,2017,54,Forest,Trees,Stable,600
33,1985,225,Forest,Trees,NA,601
33,2016,199,Forest,Trees,Stable,601
33,1984,317,Forest,Trees,NA,602
33,1988,193,Forest,Non-tree,Stable,602
33,1989,211,Forest,Trees,Harvest,602
33,1994,216,Forest,Trees,Growth/Recovery,602
33,2016,238,Forest,Trees,Stable,602
33,1985,216,Forest,Trees,NA,603
33,2017,73,Forest,Trees,Stable,603
33,1985,184,Forest,Trees,NA,604
33,2016,238,Forest,Trees,Stable,604
33,1984,127,Forest,Trees,NA,605
33,2017,73,Forest,Trees,Stable,605
33,1985,216,Forest,Trees,NA,606
33,2016,229,Forest,Trees,Stable,606
33,1984,271,Forest,Trees,NA,607
33,2017,25,Forest,Trees,Stable,607
33,1984,317,Forest,Trees,NA,608
33,2017,64,Forest,Trees,Stable,608
33,1984,196,Forest,Trees,NA,609
33,2012,233,Forest,Trees,Stable,609
33,2013,212,Forest,Non-tree,Harvest,609
33,2017,7,Forest,Trees,Growth/Recovery,609
33,1984,196,Forest,Trees,NA,610
33,2008,207,Forest,Trees,Stable,610
33,2009,216,Forest,Trees,Harvest,610
33,2012,217,Forest,Trees,Growth/Recovery,610
33,2016,212,Forest,Trees,Stable,610
33,1985,209,Forest,Trees,NA,611
33,2016,206,Forest,Trees,Stable,611
33,1985,232,Forest,Trees,NA,612
33,2010,213,Forest,Trees,Stable,612
33,2011,216,Forest,Trees,Wind,612
33,2016,206,Forest,Trees,Growth/Recovery,612
33,1984,317,Forest,Trees,NA,613
33,2017,64,Forest,Trees,Stable,613
33,1985,216,Forest,Trees,NA,614
33,2016,221,Forest,Trees,Stable,614
33,1985,216,Forest,Trees,NA,615
33,2016,206,Forest,Trees,Stable,615
33,1984,317,Forest,Trees,NA,616
33,2016,221,Forest,Trees,Stable,616
33,1985,207,Forest,Trees,NA,617
33,2016,221,Forest,Trees,Stable,617
33,1984,317,Forest,Trees,NA,618
33,2016,221,Forest,Trees,Stable,618
33,1985,223,Forest,Trees,NA,619
33,2016,221,Forest,Trees,Stable,619
33,1984,317,Forest,Trees,NA,620
33,2012,242,Forest,Trees,Stable,620
33,2013,213,Forest,Trees,Harvest,620
33,2016,221,Forest,Trees,Growth/Recovery,620
33,1984,317,Forest,Trees,NA,621
33,2016,221,Forest,Trees,Stable,621
33,1984,317,Forest,Trees,NA,622
33,2017,63,Forest,Trees,Stable,622
33,1985,216,Forest,Trees,NA,623
33,2016,206,Forest,Trees,Stable,623
33,1985,216,Forest,Trees,NA,624
33,2016,214,Forest,Trees,Stable,624
33,1984,317,Forest,Trees,NA,625
33,2008,207,Forest,Trees,Stable,625
33,2009,218,Forest,Trees,Harvest,625
33,2016,221,Forest,Trees,Stable,625
33,1985,216,Forest,Trees,NA,626
33,2016,221,Forest,Trees,Stable,626
33,1984,317,Forest,Trees,NA,627
33,2017,71,Forest,Trees,Stable,627
33,1984,317,Forest,Trees,NA,628
33,2016,221,Forest,Trees,Stable,628
33,1985,216,Forest,Trees,NA,629
33,2016,198,Forest,Trees,Stable,629
33,1985,223,Forest,Trees,NA,630
33,2016,221,Forest,Trees,Stable,630
33,1985,223,Forest,Trees,NA,631
33,2016,221,Forest,Trees,Stable,631
33,1985,232,Forest,Trees,NA,632
33,2016,221,Forest,Trees,Stable,632
33,1984,317,Forest,Trees,NA,633
33,2017,47,Forest,Trees,Stable,633
33,1984,196,Forest,Trees,NA,634
33,2016,220,Forest,Trees,Stable,634
33,1984,317,Forest,Trees,NA,635
33,2016,221,Forest,Trees,Stable,635
33,1985,216,Forest,Trees,NA,636
33,2016,206,Forest,Trees,Stable,636
33,1985,232,Forest,Trees,NA,637
33,2017,56,Forest,Trees,Stable,637
33,1985,216,Forest,Trees,NA,638
33,2016,221,Forest,Trees,Stable,638
33,1985,232,Forest,Trees,NA,639
33,2017,24,Forest,Trees,Stable,639
33,1984,317,Forest,Trees,NA,640
33,2012,242,Forest,Trees,Stable,640
33,2015,195,Forest,Trees,Decline,640
33,2016,198,Forest,Trees,Growth/Recovery,640
33,1985,223,Forest,Trees,NA,641
33,2016,220,Forest,Trees,Stable,641
33,1984,317,Forest,Trees,NA,642
33,2017,63,Forest,Trees,Stable,642
33,1984,317,Forest,Trees,NA,643
33,2017,70,Forest,Trees,Stable,643
33,1984,317,Forest,Trees,NA,644
33,2017,71,Forest,Trees,Stable,644
33,1985,207,Forest,Trees,NA,645
33,2016,221,Forest,Trees,Stable,645
33,1984,196,Forest,Trees,NA,646
33,2016,220,Forest,Trees,Stable,646
33,1984,196,Forest,Trees,NA,647
33,2005,221,Forest,Trees,Stable,647
33,2006,208,Forest,Trees,Harvest,647
33,2016,212,Forest,Trees,Growth/Recovery,647
33,1984,196,Forest,Trees,NA,648
33,2017,70,Forest,Trees,Stable,648
33,1984,317,Forest,Trees,NA,649
33,2017,64,Forest,Trees,Stable,649
33,1985,223,Forest,Trees,NA,650
33,2016,212,Forest,Trees,Stable,650
33,1984,317,Forest,Trees,NA,651
33,2016,221,Forest,Trees,Stable,651
33,1984,317,Forest,Trees,NA,652
33,1999,207,Forest,Trees,Stable,652
33,2000,225,Forest,Trees,Wind,652
33,2012,242,Forest,Trees,Growth/Recovery,652
33,2017,64,Forest,Trees,Stable,652
33,1985,223,Forest,Trees,NA,653
33,1999,222,Forest,Trees,Stable,653
33,2000,225,Forest,Non-tree,Wind,653
33,2016,221,Forest,Non-tree,Stable,653
33,1984,317,Forest,Trees,NA,654
33,2017,64,Forest,Trees,Stable,654
33,1985,232,Forest,Trees,NA,655
33,2016,198,Forest,Trees,Stable,655
33,1984,317,Forest,Trees,NA,656
33,2016,221,Forest,Trees,Stable,656
33,1985,216,Forest,Trees,NA,657
33,2016,229,Forest,Trees,Stable,657
33,1984,196,Forest,Trees,NA,658
33,2017,70,Forest,Trees,Stable,658
33,1985,216,Forest,Trees,NA,659
33,2017,32,Forest,Trees,Stable,659
33,1984,196,Forest,Trees,NA,660
33,2016,213,Forest,Trees,Stable,660
33,1984,239,Forest,Trees,NA,661
33,2017,16,Forest,Trees,Stable,661
33,1984,196,Forest,Trees,NA,662
33,1999,214,Forest,Trees,Stable,662
33,2000,225,Forest,Trees,Harvest,662
33,2016,212,Forest,Trees,Growth/Recovery,662
33,1985,232,Forest,Trees,NA,663
33,2017,56,Forest,Trees,Stable,663
33,1985,255,Forest,Trees,NA,664
33,2002,230,Forest,Trees,Stable,664
33,2003,217,Forest,Trees,Harvest,664
33,2017,71,Forest,Trees,Growth/Recovery,664
33,1984,317,Forest,Trees,NA,665
33,2017,71,Forest,Trees,Stable,665
33,1985,232,Forest,Trees,NA,666
33,2016,206,Forest,Trees,Stable,666
33,1984,196,Forest,Trees,NA,667
33,2017,54,Forest,Trees,Stable,667
33,1984,317,Forest,Trees,NA,668
33,2016,221,Forest,Trees,Stable,668
33,1984,317,Forest,Trees,NA,669
33,2017,63,Forest,Trees,Stable,669
33,1985,216,Forest,Trees,NA,670
33,2016,214,Forest,Trees,Stable,670
33,1985,255,Forest,Trees,NA,671
33,2016,221,Forest,Trees,Stable,671
33,1984,317,Forest,Trees,NA,672
33,2017,71,Forest,Trees,Stable,672
33,1984,196,Forest,Trees,NA,673
33,2016,220,Forest,Trees,Stable,673
33,1985,216,Forest,Trees,NA,674
33,2017,64,Forest,Trees,Stable,674
33,1984,196,Forest,Trees,NA,675
33,2016,213,Forest,Trees,Stable,675
33,1984,196,Forest,Trees,NA,676
33,2017,70,Forest,Trees,Stable,676
33,1984,317,Forest,Trees,NA,677
33,1999,214,Forest,Trees,Stable,677
33,2000,225,Forest,Non-tree,Wind,677
33,2016,221,Forest,Trees,Growth/Recovery,677
33,1984,196,Forest,Trees,NA,678
33,2016,212,Forest,Trees,Stable,678
33,1984,317,Forest,Trees,NA,679
33,2016,221,Forest,Trees,Stable,679
33,1984,239,Forest,Trees,NA,680
33,2017,73,Forest,Trees,Stable,680
33,1985,255,Forest,Trees,NA,681
33,2016,221,Forest,Trees,Stable,681
33,1985,232,Forest,Trees,NA,682
33,2016,238,Forest,Trees,Stable,682
33,1984,196,Forest,Trees,NA,683
33,2016,220,Forest,Trees,Stable,683
33,1984,271,Forest,Trees,NA,684
33,2016,199,Forest,Trees,Stable,684
33,1985,216,Forest,Trees,NA,685
33,2017,56,Forest,Trees,Stable,685
33,1985,216,Forest,Trees,NA,686
33,2016,198,Forest,Trees,Stable,686
33,1984,196,Forest,Trees,NA,687
33,2016,212,Forest,Trees,Stable,687
33,1984,317,Forest,Trees,NA,688
33,2014,200,Forest,Trees,Stable,688
33,2015,218,Forest,Trees,Harvest,688
33,2016,221,Forest,Trees,Growth/Recovery,688
33,1984,196,Forest,Trees,NA,689
33,2014,206,Forest,Trees,Stable,689
33,2015,217,Forest,Trees,Harvest,689
33,2016,212,Forest,Trees,Growth/Recovery,689
33,1985,232,Forest,Trees,NA,690
33,2016,238,Forest,Trees,Stable,690
33,1984,196,Forest,Trees,NA,691
33,2010,212,Forest,Trees,Stable,691
33,2011,214,Forest,Trees,Harvest,691
33,2016,220,Forest,Trees,Growth/Recovery,691
33,1984,317,Forest,Trees,NA,692
33,2016,221,Forest,Trees,Stable,692
33,1984,317,Forest,Trees,NA,693
33,2017,71,Forest,Trees,Stable,693
33,1984,317,Forest,Trees,NA,694
33,2017,47,Forest,Trees,Stable,694
33,1984,317,Forest,Trees,NA,695
33,2004,212,Forest,Trees,Stable,695
33,2005,199,Forest,Trees,Harvest,695
33,2012,242,Forest,Trees,Growth/Recovery,695
33,2013,213,Forest,Trees,Harvest,695
33,2017,64,Forest,Trees,Growth/Recovery,695
33,1985,216,Forest,Trees,NA,696
33,2016,198,Forest,Trees,Stable,696
33,1984,317,Forest,Trees,NA,697
33,2016,206,Forest,Trees,Stable,697
33,1984,116,Forest,Trees,NA,698
33,2016,212,Forest,Trees,Stable,698
33,1984,317,Forest,Trees,NA,699
33,2016,229,Forest,Trees,Stable,699
33,1984,196,Forest,Trees,NA,700
33,2017,63,Forest,Trees,Stable,700
33,1985,184,Forest,Trees,NA,701
33,2017,40,Forest,Trees,Stable,701
33,1984,196,Forest,Trees,NA,702
33,1999,214,Forest,Trees,Stable,702
33,2000,217,Forest,Trees,Harvest,702
33,2016,213,Forest,Trees,Growth/Recovery,702
33,1985,232,Forest,Trees,NA,703
33,2017,56,Forest,Trees,Stable,703
33,1985,223,Forest,Trees,NA,704
33,2016,213,Forest,Trees,Stable,704
33,1984,196,Forest,Trees,NA,705
33,2016,212,Forest,Trees,Stable,705
33,1985,184,Forest,Trees,NA,706
33,2016,221,Forest,Trees,Stable,706
33,1985,232,Forest,Trees,NA,707
33,2016,206,Forest,Trees,Stable,707
33,1984,196,Forest,Trees,NA,708
33,2016,220,Forest,Trees,Stable,708
33,1984,317,Forest,Trees,NA,709
33,2017,47,Forest,Trees,Stable,709
33,1985,216,Forest,Trees,NA,710
33,2016,214,Forest,Trees,Stable,710
33,1984,317,Forest,Trees,NA,711
33,2017,23,Forest,Trees,Stable,711
33,1984,317,Other,Non-tree,NA,712
33,2017,23,Forest,Non-tree,Stable,712
33,1984,196,Forest,Trees,NA,713
33,2016,220,Forest,Trees,Stable,713
33,1984,196,Forest,Trees,NA,714
33,1999,214,Forest,Trees,Stable,714
33,2000,217,Forest,Trees,Harvest,714
33,2016,212,Forest,Trees,Growth/Recovery,714
33,1985,223,Forest,Trees,NA,715
33,2016,229,Forest,Trees,Stable,715
33,1985,216,Forest,Trees,NA,716
33,2017,56,Forest,Trees,Stable,716
33,1984,317,Forest,Trees,NA,717
33,2017,63,Forest,Trees,Stable,717
33,1985,216,Forest,Trees,NA,718
33,2016,206,Forest,Trees,Stable,718
33,1984,317,Forest,Trees,NA,719
33,2002,230,Forest,Trees,Stable,719
33,2003,218,Forest,Trees,Harvest,719
33,2016,198,Forest,Trees,Growth/Recovery,719
33,1985,216,Forest,Trees,NA,720
33,2017,56,Forest,Trees,Stable,720
33,1984,196,Forest,Trees,NA,721
33,2017,70,Forest,Trees,Stable,721
33,1984,239,Forest,Trees,NA,722
33,2017,56,Forest,Trees,Stable,722
33,1985,255,Forest,Trees,NA,723
33,2017,63,Forest,Trees,Stable,723
33,1985,232,Forest,Trees,NA,724
33,2017,56,Forest,Trees,Stable,724
33,1985,216,Forest,Trees,NA,725
33,2017,24,Forest,Trees,Stable,725
33,1985,223,Forest,Trees,NA,726
33,2017,47,Forest,Trees,Stable,726
33,1985,200,Forest,Trees,NA,727
33,2017,56,Forest,Trees,Stable,727
33,1984,317,Forest,Trees,NA,728
33,2017,71,Forest,Trees,Stable,728
33,1984,317,Forest,Trees,NA,729
33,2017,64,Forest,Trees,Stable,729
33,1984,127,Forest,Trees,NA,730
33,2017,1,Forest,Trees,Stable,730
33,1984,196,Forest,Trees,NA,731
33,2017,70,Forest,Trees,Stable,731
33,1984,196,Forest,Trees,NA,732
33,2017,54,Forest,Trees,Stable,732
33,1984,317,Forest,Trees,NA,733
33,2017,56,Forest,Trees,Stable,733
33,1984,196,Forest,Trees,NA,734
33,2017,46,Forest,Trees,Stable,734
33,1984,317,Forest,Trees,NA,735
33,2017,71,Forest,Trees,Stable,735
33,1984,239,Forest,Trees,NA,736
33,1989,243,Forest,Trees,Stable,736
33,1990,214,Forest,Trees,Harvest,736
33,2016,206,Forest,Trees,Growth/Recovery,736
33,1985,200,Forest,Trees,NA,737
33,2016,198,Forest,Trees,Stable,737
33,1984,239,Forest,Trees,NA,738
33,2017,73,Forest,Trees,Stable,738
33,1984,317,Other,Non-tree,NA,739
33,1991,224,Forest,Trees,Growth/Recovery,739
33,2016,221,Forest,Trees,Stable,739
33,1984,317,Forest,Trees,NA,740
33,2017,71,Forest,Trees,Stable,740
33,1984,317,Forest,Trees,NA,741
33,2017,71,Forest,Trees,Stable,741
33,1985,223,Forest,Trees,NA,742
33,2016,213,Forest,Trees,Stable,742
33,1984,196,Forest,Trees,NA,743
33,2017,63,Forest,Trees,Stable,743
33,1985,232,Forest,Trees,NA,744
33,2017,56,Forest,Trees,Stable,744
33,1985,184,Forest,Trees,NA,745
33,2005,247,Forest,Trees,Stable,745
33,2006,202,Forest,Non-tree,Harvest,745
33,2016,206,Forest,Trees,Growth/Recovery,745
33,1984,317,Forest,Trees,NA,746
33,2017,71,Forest,Trees,Stable,746
33,1984,239,Forest,Trees,NA,747
33,2017,1,Forest,Trees,Stable,747
33,1984,317,Forest,Trees,NA,748
33,2017,64,Forest,Trees,Stable,748
33,1984,317,Forest,Trees,NA,749
33,2017,63,Forest,Trees,Stable,749
33,1984,271,Forest,Trees,NA,750
33,2017,24,Forest,Trees,Stable,750
33,1985,216,Forest,Trees,NA,751
33,2017,64,Forest,Trees,Stable,751
33,1985,216,Forest,Trees,NA,752
33,2017,56,Forest,Trees,Stable,752
33,1985,216,Forest,Trees,NA,753
33,2017,56,Forest,Trees,Stable,753
33,1984,196,Forest,Trees,NA,754
33,2017,70,Forest,Trees,Stable,754
33,1984,317,Forest,Trees,NA,755
33,2017,63,Forest,Trees,Stable,755
33,1985,248,Forest,Trees,NA,756
33,1987,238,Forest,Trees,Stable,756
33,1988,241,Forest,Trees,Wind,756
33,2016,238,Forest,Trees,Growth/Recovery,756
33,1984,196,Forest,Trees,NA,757
33,2002,230,Forest,Trees,Stable,757
33,2003,216,Forest,Non-tree,Harvest,757
33,2016,220,Forest,Trees,Growth/Recovery,757
33,1985,216,Forest,Trees,NA,758
33,2017,56,Forest,Trees,Stable,758
33,1984,317,Forest,Trees,NA,759
33,2017,63,Forest,Trees,Stable,759
33,1984,116,Forest,Trees,NA,760
33,2009,208,Forest,Trees,Stable,760
33,2010,212,Forest,Trees,Harvest,760
33,2016,220,Forest,Trees,Growth/Recovery,760
33,1984,196,Forest,Non-tree,NA,761
33,1998,282,Forest,Trees,Growth/Recovery,761
33,2017,70,Forest,Trees,Stable,761
33,1984,365,Forest,Trees,NA,762
33,1998,227,Forest,Trees,Stable,762
33,1999,206,Forest,Trees,Harvest,762
33,2016,221,Forest,Trees,Growth/Recovery,762
33,1985,216,Forest,Trees,NA,763
33,2017,23,Forest,Trees,Stable,763
33,1984,317,Forest,Trees,NA,764
33,2017,63,Forest,Trees,Stable,764
33,1984,196,Forest,Trees,NA,765
33,2017,71,Forest,Trees,Stable,765
33,1984,317,Forest,Trees,NA,766
33,2016,206,Forest,Trees,Stable,766
33,1984,239,Forest,Trees,NA,767
33,2017,73,Forest,Trees,Stable,767
33,1984,317,Forest,Trees,NA,768
33,2006,201,Forest,Trees,Stable,768
33,2007,212,Forest,Trees,Wind,768
33,2017,47,Forest,Trees,Growth/Recovery,768
33,1984,317,Forest,Trees,NA,769
33,2017,47,Forest,Trees,Stable,769
33,1985,216,Forest,Trees,NA,770
33,2017,56,Forest,Trees,Stable,770
33,1984,196,Forest,Trees,NA,771
33,2017,70,Forest,Trees,Stable,771
33,1985,223,Forest,Trees,NA,772
33,2016,221,Forest,Trees,Stable,772
33,1984,196,Forest,Trees,NA,773
33,2017,70,Forest,Trees,Stable,773
33,1985,216,Forest,Trees,NA,774
33,2017,40,Forest,Trees,Stable,774
33,1984,317,Forest,Trees,NA,775
33,1998,220,Forest,Trees,Stable,775
33,1999,207,Forest,Trees,Harvest,775
33,2017,71,Forest,Trees,Growth/Recovery,775
33,1984,196,Forest,Trees,NA,776
33,2017,70,Forest,Trees,Stable,776
33,1984,271,Forest,Trees,NA,777
33,2017,25,Forest,Trees,Stable,777
33,1984,127,Forest,Trees,NA,778
33,2017,73,Forest,Trees,Stable,778
33,1984,196,Forest,Trees,NA,779
33,2016,220,Forest,Trees,Stable,779
33,1985,191,Forest,Trees,NA,780
33,2016,221,Forest,Trees,Stable,780
33,1985,223,Forest,Trees,NA,781
33,2017,71,Forest,Trees,Stable,781
33,1984,239,Forest,Trees,NA,782
33,2017,16,Forest,Trees,Stable,782
33,1985,216,Forest,Trees,NA,783
33,2016,230,Forest,Trees,Stable,783
33,1984,365,Forest,Trees,NA,784
33,2017,47,Forest,Trees,Stable,784
33,1984,271,Forest,Trees,NA,785
33,2017,73,Forest,Trees,Stable,785
33,1984,317,Forest,Trees,NA,786
33,2017,63,Forest,Trees,Stable,786
33,1984,317,Forest,Trees,NA,787
33,2004,196,Forest,Trees,Stable,787
33,2005,230,Forest,Non-tree,Wind,787
33,2016,237,Forest,Trees,Growth/Recovery,787
33,1985,216,Forest,Trees,NA,788
33,2017,24,Forest,Trees,Stable,788
33,1984,164,Forest,Trees,NA,789
33,2017,70,Forest,Trees,Stable,789
33,1984,239,Forest,Trees,NA,790
33,2014,216,Forest,Trees,Stable,790
33,2015,203,Forest,Trees,Harvest,790
33,2016,207,Forest,Trees,Growth/Recovery,790
33,1985,216,Forest,Trees,NA,791
33,2016,214,Forest,Trees,Stable,791
33,1985,216,Forest,Trees,NA,792
33,2017,24,Forest,Trees,Stable,792
33,1984,317,Forest,Trees,NA,793
33,2017,47,Forest,Trees,Stable,793
33,1984,196,Forest,Trees,NA,794
33,2015,217,Forest,Trees,Stable,794
33,2016,220,Forest,Trees,Harvest,794
33,2017,46,Forest,Trees,Growth/Recovery,794
33,1984,127,Forest,Trees,NA,795
33,2017,56,Forest,Trees,Stable,795
33,1985,216,Forest,Trees,NA,796
33,2016,198,Forest,Trees,Stable,796
33,1984,365,Forest,Trees,NA,797
33,2017,71,Forest,Trees,Stable,797
33,1984,317,Forest,Trees,NA,798
33,2016,221,Forest,Trees,Stable,798
33,1984,317,Forest,Trees,NA,799
33,1999,214,Forest,Trees,Stable,799
33,2000,209,Forest,Non-tree,Harvest,799
33,2017,71,Forest,Trees,Growth/Recovery,799
33,1984,365,Forest,Trees,NA,800
33,2017,47,Forest,Trees,Stable,800
33,1985,255,Forest,Trees,NA,801
33,2016,221,Forest,Trees,Stable,801
33,1985,232,Forest,Trees,NA,802
33,2016,221,Forest,Trees,Stable,802
33,1984,365,Forest,Trees,NA,803
33,2017,47,Forest,Trees,Stable,803
33,1984,116,Forest,Trees,NA,804
33,2017,62,Forest,Trees,Stable,804
33,1984,317,Forest,Trees,NA,805
33,2017,54,Forest,Trees,Stable,805
33,1985,207,Forest,Trees,NA,806
33,2017,56,Forest,Trees,Stable,806
33,1984,196,Forest,Trees,NA,807
33,1991,231,Forest,Trees,Stable,807
33,1992,218,Forest,Trees,Harvest,807
33,2005,221,Forest,Trees,Growth/Recovery,807
33,2006,208,Forest,Trees,Harvest,807
33,2016,212,Forest,Trees,Growth/Recovery,807
33,1985,223,Forest,Trees,NA,808
33,2017,47,Forest,Trees,Stable,808
33,1985,223,Forest,Trees,NA,809
33,1986,226,Forest,Trees,Stable,809
33,1989,234,Forest,Trees,Decline,809
33,2017,47,Forest,Trees,Growth/Recovery,809
33,1984,317,Forest,Trees,NA,810
33,1994,216,Forest,Trees,Stable,810
33,1996,222,Forest,Trees,Harvest,810
33,2016,221,Forest,Trees,Growth/Recovery,810
33,1985,184,Forest,Trees,NA,811
33,2017,64,Forest,Trees,Stable,811
33,1985,216,Forest,Trees,NA,812
33,2016,214,Forest,Trees,Stable,812
33,1984,239,Forest,Non-tree,NA,813
33,2016,199,Forest,Trees,Growth/Recovery,813
33,1985,232,Forest,Trees,NA,814
33,2017,24,Forest,Trees,Stable,814
33,1985,223,Forest,Trees,NA,815
33,1997,208,Forest,Trees,Stable,815
33,1998,131,Forest,Non-tree,Harvest,815
33,2016,221,Forest,Non-tree,Stable,815
33,1985,255,Forest,Trees,NA,816
33,2016,221,Forest,Trees,Stable,816
33,1984,317,Forest,Trees,NA,817
33,1999,214,Forest,Trees,Stable,817
33,2001,212,Forest,Non-tree,Harvest,817
33,2017,71,Forest,Trees,Growth/Recovery,817
33,1984,196,Forest,Trees,NA,818
33,1998,282,Forest,Trees,Stable,818
33,1999,214,Forest,Trees,Wind,818
33,2001,211,Forest,Trees,Stable,818
33,2002,214,Forest,Trees,Harvest,818
33,2017,54,Forest,Trees,Growth/Recovery,818
33,1985,216,Other,Non-tree,NA,819
33,2017,56,Forest,Trees,Growth/Recovery,819
33,1984,239,Forest,Trees,NA,820
33,2017,25,Forest,Trees,Stable,820
33,1984,239,Forest,Trees,NA,821
33,2010,213,Forest,Trees,Stable,821
33,2011,224,Forest,Trees,Harvest,821
33,2017,25,Forest,Trees,Growth/Recovery,821
33,1984,271,Forest,Trees,NA,822
33,2017,73,Forest,Trees,Stable,822
33,1984,317,Forest,Trees,NA,823
33,2017,71,Forest,Trees,Stable,823
33,1984,239,Forest,Trees,NA,824
33,2017,73,Forest,Trees,Stable,824
33,1984,317,Forest,Trees,NA,825
33,2017,47,Forest,Trees,Stable,825
33,1984,196,Forest,Trees,NA,826
33,2017,70,Forest,Trees,Stable,826
33,1985,216,Forest,Trees,NA,827
33,2017,56,Forest,Trees,Stable,827
33,1985,232,Forest,Trees,NA,828
33,2016,206,Forest,Trees,Stable,828
33,1985,216,Forest,Trees,NA,829
33,2017,56,Forest,Trees,Stable,829
33,1984,196,Forest,Trees,NA,830
33,2017,46,Forest,Trees,Stable,830
33,1984,365,Forest,Trees,NA,831
33,2017,64,Forest,Trees,Stable,831
33,1984,317,Forest,Trees,NA,832
33,2008,216,Forest,Trees,Stable,832
33,2009,218,Forest,Trees,Harvest,832
33,2016,229,Forest,Trees,Growth/Recovery,832
33,1984,239,Forest,Trees,NA,833
33,2017,73,Forest,Trees,Stable,833
33,1984,317,Forest,Trees,NA,834
33,2012,235,Forest,Trees,Stable,834
33,2013,213,Forest,Trees,Harvest,834
33,2017,47,Forest,Trees,Growth/Recovery,834
33,1984,271,Forest,Trees,NA,835
33,2017,73,Forest,Trees,Stable,835
33,1985,232,Forest,Trees,NA,836
33,1995,203,Forest,Trees,Stable,836
33,1996,215,Forest,Non-tree,Debris,836
33,2017,8,Forest,Trees,Growth/Recovery,836
33,1984,196,Forest,Trees,NA,837
33,2017,47,Forest,Trees,Stable,837
33,1984,116,Forest,Trees,NA,838
33,2017,54,Forest,Trees,Stable,838
33,1985,216,Forest,Trees,NA,839
33,2016,221,Forest,Trees,Stable,839
33,1984,239,Forest,Trees,NA,840
33,2017,49,Forest,Trees,Stable,840
33,1984,317,Forest,Trees,NA,841
33,2003,217,Forest,Trees,Stable,841
33,2004,212,Forest,Trees,Harvest,841
33,2017,47,Forest,Trees,Growth/Recovery,841
33,1984,239,Forest,Trees,NA,842
33,2005,207,Forest,Trees,Stable,842
33,2006,194,Forest,Non-tree,Harvest,842
33,2017,56,Forest,Trees,Growth/Recovery,842
33,1984,164,Forest,Trees,NA,843
33,2017,54,Forest,Trees,Stable,843
33,1985,216,Forest,Trees,NA,844
33,2017,40,Forest,Trees,Stable,844
33,1984,317,Forest,Trees,NA,845
33,2017,63,Forest,Trees,Stable,845
33,1985,255,Forest,Trees,NA,846
33,2017,47,Forest,Trees,Stable,846
33,1984,196,Forest,Trees,NA,847
33,1999,214,Forest,Trees,Stable,847
33,2000,217,Forest,Non-tree,Wind,847
33,2016,220,Forest,Trees,Growth/Recovery,847
33,1984,196,Forest,Trees,NA,848
33,2017,70,Forest,Trees,Stable,848
33,1984,196,Forest,Trees,NA,849
33,2001,211,Forest,Trees,Stable,849
33,2002,214,Forest,Trees,Harvest,849
33,2017,46,Forest,Trees,Growth/Recovery,849
33,1984,196,Forest,Trees,NA,850
33,2017,70,Forest,Trees,Stable,850
33,1985,216,Forest,Trees,NA,851
33,2017,47,Forest,Trees,Stable,851
33,1984,317,Forest,Trees,NA,852
33,1999,214,Forest,Trees,Stable,852
33,2000,225,Forest,Trees,Harvest,852
33,2017,63,Forest,Trees,Growth/Recovery,852
33,1984,196,Forest,Trees,NA,853
33,1999,206,Forest,Trees,Stable,853
33,2000,225,Forest,Trees,Wind,853
33,2016,220,Forest,Trees,Growth/Recovery,853
33,1984,196,Forest,Trees,NA,854
33,2017,47,Forest,Trees,Stable,854
33,1985,184,Forest,Trees,NA,855
33,2017,64,Forest,Trees,Stable,855
33,1985,232,Forest,Trees,NA,856
33,2017,56,Forest,Trees,Stable,856
33,1985,184,Forest,Trees,NA,857
33,2017,64,Forest,Trees,Stable,857
33,1984,116,Forest,Trees,NA,858
33,2017,54,Forest,Trees,Stable,858
33,1985,223,Forest,Trees,NA,859
33,2017,55,Forest,Trees,Stable,859
33,1984,196,Forest,Trees,NA,860
33,2017,70,Forest,Trees,Stable,860
33,1985,216,Forest,Trees,NA,861
33,2016,206,Forest,Trees,Stable,861
33,1984,317,Forest,Trees,NA,862
33,2005,230,Forest,Trees,Stable,862
33,2006,250,Forest,Non-tree,Harvest,862
33,2016,221,Forest,Non-tree,Stable,862
33,1985,216,Forest,Trees,NA,863
33,2017,56,Forest,Trees,Stable,863
33,1984,317,Forest,Trees,NA,864
33,2017,70,Forest,Trees,Stable,864
33,1984,317,Forest,Trees,NA,865
33,2003,217,Forest,Trees,Stable,865
33,2004,212,Forest,Trees,Harvest,865
33,2016,229,Forest,Trees,Stable,865
33,1984,116,Forest,Trees,NA,866
33,2017,63,Forest,Trees,Stable,866
33,1984,239,Forest,Trees,NA,867
33,2017,73,Forest,Trees,Stable,867
33,1985,223,Forest,Trees,NA,868
33,2016,220,Forest,Trees,Stable,868
33,1984,317,Forest,Trees,NA,869
33,2005,222,Forest,Trees,Stable,869
33,2006,201,Forest,Trees,Harvest,869
33,2017,63,Forest,Trees,Growth/Recovery,869
33,1984,196,Forest,Trees,NA,870
33,1986,217,Forest,Trees,Stable,870
33,1987,181,Forest,Trees,Harvest,870
33,1990,269,Forest,Trees,Stable,870
33,1992,218,Forest,Trees,Harvest,870
33,2008,207,Forest,Trees,Growth/Recovery,870
33,2009,216,Forest,Non-tree,Harvest,870
33,2016,212,Forest,Trees,Growth/Recovery,870
33,1985,216,Forest,Trees,NA,871
33,1994,209,Forest,Trees,Stable,871
33,1995,180,Forest,Trees,Harvest,871
33,2016,198,Forest,Trees,Growth/Recovery,871
33,1984,317,Forest,Trees,NA,872
33,2013,212,Forest,Trees,Stable,872
33,2014,199,Forest,Trees,Harvest,872
33,2016,221,Forest,Trees,Growth/Recovery,872
33,1985,200,Forest,Trees,NA,873
33,2016,238,Forest,Trees,Stable,873
33,1984,317,Forest,Trees,NA,874
33,2016,221,Forest,Trees,Stable,874
33,1984,365,Forest,Trees,NA,875
33,2017,71,Forest,Trees,Stable,875
33,1984,116,Forest,Trees,NA,876
33,2017,7,Forest,Trees,Stable,876
33,1984,271,Forest,Trees,NA,877
33,2017,49,Forest,Trees,Stable,877
33,1985,216,Forest,Trees,NA,878
33,2016,214,Forest,Trees,Stable,878
33,1985,200,Forest,Trees,NA,879
33,2016,206,Forest,Trees,Stable,879
33,1984,196,Forest,Trees,NA,880
33,2016,212,Forest,Trees,Stable,880
33,1985,216,Forest,Trees,NA,881
33,2016,206,Forest,Trees,Stable,881
33,1984,196,Forest,Trees,NA,882
33,2016,220,Forest,Trees,Stable,882
33,1984,239,Forest,Trees,NA,883
33,2017,73,Forest,Trees,Stable,883
33,1984,111,Forest,Trees,NA,884
33,2017,25,Forest,Trees,Stable,884
33,1984,317,Forest,Trees,NA,885
33,1999,207,Forest,Non-tree,Stable,885
33,2000,225,Forest,Trees,Harvest,885
33,2016,221,Forest,Trees,Growth/Recovery,885
33,1984,317,Forest,Trees,NA,886
33,2017,63,Forest,Trees,Stable,886
33,1985,184,Forest,Trees,NA,887
33,2017,64,Forest,Trees,Stable,887
33,1985,216,Forest,Trees,NA,888
33,2017,56,Forest,Trees,Stable,888
33,1985,216,Forest,Trees,NA,889
33,2017,56,Forest,Trees,Stable,889
33,1984,317,Forest,Trees,NA,890
33,2016,221,Forest,Trees,Stable,890
33,1985,232,Forest,Trees,NA,891
33,2017,24,Forest,Trees,Stable,891
33,1984,317,Forest,Trees,NA,892
33,1999,206,Forest,Trees,Stable,892
33,2000,225,Forest,Trees,Harvest,892
33,2016,221,Forest,Trees,Growth/Recovery,892
33,1984,196,Forest,Trees,NA,893
33,2008,222,Forest,Trees,Stable,893
33,2009,216,Forest,Trees,Harvest,893
33,2013,211,Forest,Trees,Growth/Recovery,893
33,2014,230,Forest,Non-tree,Harvest,893
33,2017,70,Forest,Non-tree,Growth/Recovery,893
33,1985,216,Forest,Trees,NA,894
33,2016,214,Forest,Trees,Stable,894
33,1984,317,Forest,Trees,NA,895
33,2017,47,Forest,Trees,Stable,895
33,1984,317,Forest,Trees,NA,896
33,2017,70,Forest,Trees,Stable,896
33,1985,216,Forest,Trees,NA,897
33,2017,56,Forest,Trees,Stable,897
33,1985,232,Forest,Trees,NA,898
33,2017,71,Forest,Trees,Stable,898
33,1984,196,Forest,Trees,NA,899
33,2017,70,Forest,Trees,Stable,899
33,1984,196,Forest,Trees,NA,900
33,2016,212,Forest,Trees,Stable,900
33,1984,196,Forest,Trees,NA,901
33,2016,220,Forest,Trees,Stable,901
33,1985,200,Forest,Trees,NA,902
33,1996,215,Forest,Trees,Growth/Recovery,902
33,2016,206,Forest,Trees,Stable,902
33,1984,196,Forest,Trees,NA,903
33,2017,70,Forest,Trees,Stable,903
33,1984,271,Forest,Trees,NA,904
33,2010,213,Forest,Trees,Stable,904
33,2012,180,Forest,Non-tree,Harvest,904
33,2016,199,Forest,Non-tree,Growth/Recovery,904
33,1984,196,Forest,Trees,NA,905
33,2016,212,Forest,Trees,Stable,905
33,1985,184,Forest,Trees,NA,906
33,2017,64,Forest,Trees,Stable,906
33,1984,196,Forest,Trees,NA,907
33,2017,70,Forest,Trees,Stable,907
33,1985,216,Forest,Trees,NA,908
33,2016,206,Forest,Trees,Stable,908
33,1984,196,Forest,Trees,NA,909
33,2017,70,Forest,Trees,Stable,909
33,1985,216,Forest,Trees,NA,910
33,2016,198,Forest,Trees,Stable,910
33,1984,164,Forest,Trees,NA,911
33,2017,70,Forest,Trees,Stable,911
33,1985,216,Forest,Trees,NA,912
33,2017,47,Forest,Trees,Stable,912
33,1984,196,Forest,Trees,NA,913
33,2016,220,Forest,Trees,Stable,913
33,1984,196,Forest,Trees,NA,914
33,1999,214,Forest,Trees,Stable,914
33,2000,217,Forest,Non-tree,Harvest,914
33,2017,70,Forest,Trees,Growth/Recovery,914
33,1985,216,Forest,Trees,NA,915
33,2016,206,Forest,Trees,Stable,915
33,1984,239,Forest,Trees,NA,916
33,1998,252,Forest,Trees,Stable,916
33,1999,216,Forest,Trees,Harvest,916
33,2016,223,Forest,Trees,Growth/Recovery,916
33,1984,365,Forest,Trees,NA,917
33,2017,71,Forest,Trees,Stable,917
33,1985,207,Forest,Trees,NA,918
33,2017,47,Forest,Trees,Stable,918
33,1984,196,Forest,Trees,NA,919
33,2016,220,Forest,Trees,Stable,919
33,1984,317,Forest,Trees,NA,920
33,2016,221,Forest,Trees,Stable,920
33,1984,196,Forest,Trees,NA,921
33,2016,220,Forest,Trees,Stable,921
33,1985,216,Forest,Trees,NA,922
33,2017,56,Forest,Trees,Stable,922
33,1985,216,Forest,Trees,NA,923
33,2016,206,Forest,Trees,Stable,923
33,1984,317,Forest,Trees,NA,924
33,2017,63,Forest,Trees,Stable,924
33,1984,196,Forest,Trees,NA,925
33,2006,208,Forest,Trees,Stable,925
33,2007,227,Forest,Trees,Harvest,925
33,2016,220,Forest,Trees,Growth/Recovery,925
33,1985,225,Forest,Trees,NA,926
33,2016,199,Forest,Trees,Stable,926
33,1984,196,Forest,Trees,NA,927
33,2016,220,Forest,Trees,Stable,927
33,1984,317,Forest,Trees,NA,928
33,2016,221,Forest,Trees,Stable,928
33,1984,317,Forest,Trees,NA,929
33,2017,71,Forest,Trees,Stable,929
33,1984,196,Forest,Trees,NA,930
33,1995,226,Forest,Trees,Stable,930
33,1997,208,Forest,Trees,Harvest,930
33,2016,220,Forest,Trees,Growth/Recovery,930
33,1984,196,Forest,Trees,NA,931
33,2016,220,Forest,Trees,Stable,931
33,1984,196,Forest,Trees,NA,932
33,1999,214,Forest,Trees,Stable,932
33,2001,211,Forest,Trees,Harvest,932
33,2016,220,Forest,Trees,Growth/Recovery,932
33,1984,317,Forest,Trees,NA,933
33,2017,71,Forest,Trees,Stable,933
33,1984,196,Forest,Trees,NA,934
33,2016,212,Forest,Trees,Stable,934
33,1985,216,Forest,Trees,NA,935
33,2016,199,Forest,Trees,Stable,935
33,1985,200,Forest,Trees,NA,936
33,2016,206,Forest,Trees,Stable,936
33,1984,196,Forest,Trees,NA,937
33,2009,232,Forest,Trees,Stable,937
33,2010,243,Forest,Trees,Harvest,937
33,2016,220,Forest,Trees,Growth/Recovery,937
33,1985,216,Forest,Trees,NA,938
33,2016,206,Forest,Trees,Stable,938
33,1984,317,Forest,Trees,NA,939
33,2016,221,Forest,Trees,Stable,939
33,1984,317,Forest,Trees,NA,940
33,2016,221,Forest,Trees,Stable,940
33,1985,223,Forest,Trees,NA,941
33,2016,220,Forest,Trees,Stable,941
33,1984,271,Forest,Trees,NA,942
33,2016,206,Forest,Trees,Stable,942
33,1984,317,Forest,Trees,NA,943
33,2017,71,Forest,Trees,Growth/Recovery,943
33,1984,196,Forest,Trees,NA,944
33,2017,70,Forest,Trees,Stable,944
33,1984,317,Forest,Trees,NA,945
33,2017,64,Forest,Trees,Stable,945
33,1984,196,Forest,Trees,NA,946
33,2016,220,Forest,Trees,Stable,946
33,1985,216,Forest,Trees,NA,947
33,2017,8,Forest,Trees,Stable,947
33,1985,223,Forest,Trees,NA,948
33,2016,221,Forest,Trees,Stable,948
33,1984,196,Forest,Trees,NA,949
33,2002,214,Forest,Trees,Stable,949
33,2003,216,Other,Non-tree,Harvest,949
33,2017,71,Other,Non-tree,Stable,949
33,1984,317,Forest,Trees,NA,950
33,2017,63,Forest,Trees,Stable,950
33,1985,216,Forest,Trees,NA,951
33,2017,24,Forest,Trees,Stable,951
33,1984,317,Forest,Trees,NA,952
33,2009,218,Forest,Trees,Stable,952
33,2010,213,Forest,Non-tree,Harvest,952
33,2016,221,Forest,Trees,Growth/Recovery,952
33,1984,317,Forest,Trees,NA,953
33,1994,216,Forest,Trees,Stable,953
33,1995,212,Forest,Trees,Harvest,953
33,2016,221,Forest,Trees,Growth/Recovery,953
33,1984,317,Forest,Trees,NA,954
33,2016,221,Forest,Trees,Stable,954
33,1984,317,Forest,Trees,NA,955
33,1995,203,Forest,Trees,Stable,955
33,1996,206,Forest,Trees,Harvest,955
33,2017,47,Forest,Trees,Growth/Recovery,955
33,1984,196,Forest,Trees,NA,956
33,2017,54,Forest,Trees,Stable,956
33,1985,216,Forest,Trees,NA,957
33,2017,56,Forest,Trees,Stable,957
33,1984,196,Forest,Trees,NA,958
33,2016,220,Forest,Trees,Stable,958
33,1984,116,Forest,Trees,NA,959
33,2003,216,Forest,Trees,Stable,959
33,2005,230,Forest,Trees,Harvest,959
33,2017,63,Forest,Trees,Growth/Recovery,959
33,1985,216,Forest,Trees,NA,960
33,2016,221,Forest,Trees,Stable,960
33,1984,317,Forest,Trees,NA,961
33,2017,71,Forest,Trees,Stable,961
33,1984,196,Forest,Trees,NA,962
33,2017,70,Forest,Trees,Stable,962
33,1984,317,Forest,Trees,NA,963
33,2017,63,Forest,Trees,Stable,963
33,1984,239,Forest,Trees,NA,964
33,2017,24,Forest,Trees,Stable,964
33,1984,196,Forest,Trees,NA,965
33,2016,220,Forest,Trees,Stable,965
33,1984,317,Forest,Trees,NA,966
33,2016,221,Forest,Trees,Growth/Recovery,966
33,1984,239,Forest,Trees,NA,967
33,2016,199,Forest,Trees,Stable,967
33,1984,317,Forest,Trees,NA,968
33,2016,221,Forest,Trees,Stable,968
33,1984,116,Forest,Trees,NA,969
33,2017,63,Forest,Trees,Growth/Recovery,969
33,1985,216,Forest,Trees,NA,970
33,2017,56,Forest,Trees,Stable,970
33,1985,184,Forest,Trees,NA,971
33,2017,64,Forest,Trees,Stable,971
33,1984,196,Forest,Trees,NA,972
33,1999,214,Forest,Trees,Stable,972
33,2000,225,Forest,Trees,Harvest,972
33,2016,212,Forest,Trees,Growth/Recovery,972
33,1984,317,Forest,Trees,NA,973
33,2017,71,Forest,Trees,Stable,973
33,1984,317,Forest,Trees,NA,974
33,2017,71,Forest,Trees,Stable,974
33,1985,216,Forest,Trees,NA,975
33,2017,64,Forest,Trees,Stable,975
33,1984,127,Forest,Trees,NA,976
33,2017,25,Forest,Trees,Stable,976
33,1984,196,Forest,Trees,NA,977
33,2017,70,Forest,Trees,Stable,977
33,1984,317,Forest,Trees,NA,978
33,2002,214,Forest,Trees,Stable,978
33,2004,228,Forest,Trees,Harvest,978
33,2016,221,Forest,Trees,Growth/Recovery,978
33,1984,317,Forest,Trees,NA,979
33,2017,47,Forest,Trees,Stable,979
33,1984,317,Forest,Trees,NA,980
33,1999,214,Forest,Trees,Stable,980
33,2000,225,Forest,Trees,Harvest,980
33,2016,213,Forest,Trees,Growth/Recovery,980
33,1985,200,Forest,Trees,NA,981
33,2017,56,Forest,Trees,Stable,981
33,1985,216,Forest,Trees,NA,982
33,2017,56,Forest,Trees,Stable,982
33,1984,317,Forest,Trees,NA,983
33,2012,251,Forest,Trees,Stable,983
33,2013,213,Forest,Trees,Harvest,983
33,2016,221,Forest,Trees,Growth/Recovery,983
33,1985,223,Forest,Trees,NA,984
33,2016,221,Forest,Trees,Stable,984
33,1984,196,Forest,Trees,NA,985
33,2017,63,Forest,Trees,Stable,985
33,1984,317,Forest,Trees,NA,986
33,2017,71,Forest,Trees,Stable,986
33,1984,317,Forest,Trees,NA,987
33,1998,211,Forest,Trees,Stable,987
33,1999,214,Other,Non-tree,Harvest,987
33,2016,221,Other,Non-tree,Growth/Recovery,987
33,1984,317,Forest,Trees,NA,988
33,2017,71,Forest,Trees,Stable,988
33,1985,216,Forest,Trees,NA,989
33,2017,56,Forest,Trees,Stable,989
33,1985,216,Forest,Trees,NA,990
33,2016,214,Forest,Trees,Stable,990
33,1985,216,Forest,Trees,NA,991
33,2017,24,Forest,Trees,Stable,991
33,1984,365,Forest,Trees,NA,992
33,2017,8,Forest,Trees,Stable,992
33,1984,317,Forest,Trees,NA,993
33,2017,63,Forest,Trees,Stable,993
33,1985,232,Forest,Trees,NA,994
33,2016,206,Forest,Trees,Stable,994
33,1984,196,Forest,Non-tree,NA,995
33,2017,70,Forest,Trees,Growth/Recovery,995
33,1985,223,Forest,Trees,NA,996
33,2017,70,Forest,Trees,Stable,996
33,1984,196,Forest,Trees,NA,997
33,1991,231,Forest,Trees,Stable,997
33,1992,218,Forest,Trees,Harvest,997
33,2017,70,Forest,Trees,Growth/Recovery,997
33,1984,196,Forest,Trees,NA,998
33,2017,70,Forest,Trees,Stable,998
33,1984,317,Forest,Trees,NA,999
33,2017,47,Forest,Trees,Stable,999
33,1985,184,Forest,Trees,NA,1000
33,2016,198,Forest,Trees,Stable,1000
33,1984,239,Forest,Trees,NA,1001
33,2017,9,Forest,Trees,Stable,1001
33,1985,216,Forest,Trees,NA,1002
33,2017,24,Forest,Trees,Stable,1002
33,1984,317,Forest,Trees,NA,1003
33,2011,223,Forest,Trees,Stable,1003
33,2012,235,Forest,Trees,Harvest,1003
33,2016,221,Forest,Trees,Growth/Recovery,1003
33,1984,317,Forest,Trees,NA,1004
33,2017,47,Forest,Trees,Stable,1004
33,1984,317,Forest,Trees,NA,1005
33,2017,47,Forest,Trees,Stable,1005
33,1984,239,Forest,Trees,NA,1006
33,2017,73,Forest,Trees,Stable,1006
33,1984,317,Forest,Trees,NA,1007
33,2016,221,Forest,Trees,Stable,1007
33,1984,317,Forest,Trees,NA,1008
33,2017,47,Forest,Trees,Stable,1008
33,1984,196,Forest,Trees,NA,1009
33,2016,213,Forest,Trees,Stable,1009
33,1984,196,Forest,Trees,NA,1010
33,2001,227,Forest,Trees,Stable,1010
33,2002,214,Other,Non-tree,Harvest,1010
33,2017,70,Other,Non-tree,Stable,1010
33,1984,317,Forest,Non-tree,NA,1011
33,2017,64,Forest,Trees,Growth/Recovery,1011
33,1984,196,Forest,Trees,NA,1012
33,2016,220,Forest,Trees,Stable,1012
33,1984,317,Forest,Trees,NA,1013
33,2005,222,Forest,Trees,Stable,1013
33,2006,194,Forest,Trees,Harvest,1013
33,2017,71,Forest,Trees,Growth/Recovery,1013
33,1985,216,Forest,Trees,NA,1014
33,2016,238,Forest,Trees,Stable,1014
33,1984,317,Forest,Trees,NA,1015
33,2016,221,Forest,Trees,Growth/Recovery,1015
33,1984,317,Forest,Trees,NA,1016
33,2017,64,Forest,Trees,Stable,1016
33,1985,216,Forest,Trees,NA,1017
33,2017,24,Forest,Trees,Stable,1017
33,1984,317,Forest,Trees,NA,1018
33,2016,221,Forest,Trees,Stable,1018
33,1984,317,Forest,Trees,NA,1019
33,2017,64,Forest,Trees,Stable,1019
33,1984,196,Forest,Trees,NA,1020
33,2016,212,Forest,Trees,Stable,1020
33,1984,317,Forest,Trees,NA,1021
33,2017,63,Forest,Trees,Stable,1021
33,1985,223,Forest,Trees,NA,1022
33,1994,216,Forest,Trees,Stable,1022
33,1995,203,Forest,Trees,Harvest,1022
33,2016,221,Forest,Trees,Growth/Recovery,1022
33,1984,317,Forest,Trees,NA,1023
33,2017,63,Forest,Trees,Stable,1023
33,1984,196,Forest,Trees,NA,1024
33,2016,220,Forest,Trees,Stable,1024
33,1984,317,Forest,Trees,NA,1025
33,2017,71,Forest,Trees,Stable,1025
33,1984,196,Forest,Trees,NA,1026
33,2016,220,Forest,Trees,Stable,1026
33,1984,317,Forest,Trees,NA,1027
33,2017,70,Forest,Trees,Stable,1027
33,1985,223,Forest,Trees,NA,1028
33,2017,54,Forest,Trees,Stable,1028
33,1985,223,Forest,Trees,NA,1029
33,2017,71,Forest,Trees,Stable,1029
33,1985,216,Forest,Trees,NA,1030
33,2016,214,Forest,Trees,Stable,1030
33,1984,196,Forest,Trees,NA,1031
33,2017,70,Forest,Trees,Stable,1031
33,1985,216,Forest,Trees,NA,1032
33,2016,221,Forest,Trees,Stable,1032
33,1984,317,Forest,Trees,NA,1033
33,2001,211,Forest,Trees,Stable,1033
33,2002,230,Forest,Trees,Harvest,1033
33,2007,212,Forest,Trees,Growth/Recovery,1033
33,2017,63,Forest,Trees,Stable,1033
33,1985,216,Forest,Trees,NA,1034
33,2017,56,Forest,Trees,Stable,1034
33,1984,317,Forest,Trees,NA,1035
33,2017,64,Forest,Trees,Stable,1035
33,1984,317,Forest,Trees,NA,1036
33,2005,222,Forest,Trees,Stable,1036
33,2006,201,Forest,Trees,Harvest,1036
33,2016,221,Forest,Trees,Growth/Recovery,1036
33,1985,207,Forest,Trees,NA,1037
33,1990,269,Forest,Trees,Stable,1037
33,1992,211,Forest,Trees,Decline,1037
33,2017,63,Forest,Trees,Growth/Recovery,1037
33,1984,196,Forest,Trees,NA,1038
33,2017,47,Forest,Trees,Stable,1038
33,1984,317,Forest,Trees,NA,1039
33,2017,47,Forest,Trees,Stable,1039
33,1984,196,Forest,Trees,NA,1040
33,2016,220,Forest,Trees,Stable,1040
33,1985,216,Forest,Trees,NA,1041
33,2010,221,Forest,Trees,Stable,1041
33,2011,216,Forest,Trees,Harvest,1041
33,2016,198,Forest,Trees,Growth/Recovery,1041
33,1984,239,Forest,Trees,NA,1042
33,2017,73,Forest,Trees,Stable,1042
33,1984,317,Forest,Trees,NA,1043
33,2017,71,Forest,Trees,Stable,1043
33,1985,223,Forest,Trees,NA,1044
33,1999,214,Forest,Non-tree,Stable,1044
33,2000,225,Forest,Trees,Harvest,1044
33,2016,212,Forest,Trees,Growth/Recovery,1044
33,1984,317,Forest,Trees,NA,1045
33,1986,219,Forest,Trees,Stable,1045
33,1988,193,Forest,Trees,Wind,1045
33,2017,71,Forest,Trees,Growth/Recovery,1045
33,1984,317,Forest,Trees,NA,1046
33,2017,47,Forest,Trees,Stable,1046
33,1984,196,Forest,Trees,NA,1047
33,2017,54,Forest,Trees,Stable,1047
33,1984,196,Forest,Trees,NA,1048
33,2017,70,Forest,Trees,Stable,1048
33,1984,317,Forest,Trees,NA,1049
33,2017,56,Forest,Trees,Stable,1049
33,1985,216,Forest,Trees,NA,1050
33,2016,214,Forest,Trees,Stable,1050
33,1984,196,Forest,Trees,NA,1051
33,2017,54,Forest,Trees,Growth/Recovery,1051
33,1984,317,Forest,Trees,NA,1052
33,2016,221,Forest,Trees,Stable,1052
33,1984,317,Forest,Trees,NA,1053
33,2013,228,Forest,Trees,Stable,1053
33,2014,199,Forest,Trees,Harvest,1053
33,2016,212,Forest,Trees,Growth/Recovery,1053
33,1984,239,Forest,Trees,NA,1054
33,2017,73,Forest,Trees,Stable,1054
33,1984,317,Forest,Trees,NA,1055
33,2017,71,Forest,Trees,Stable,1055
33,1984,317,Forest,Trees,NA,1056
33,2017,64,Forest,Trees,Stable,1056
33,1984,317,Forest,Trees,NA,1057
33,2017,47,Forest,Trees,Stable,1057
33,1984,317,Forest,Trees,NA,1058
33,1987,229,Forest,Trees,Stable,1058
33,1988,193,Forest,Trees,Harvest,1058
33,2016,221,Forest,Trees,Growth/Recovery,1058
33,1985,216,Forest,Trees,NA,1059
33,2016,214,Forest,Trees,Stable,1059
33,1984,317,Forest,Trees,NA,1060
33,2017,71,Forest,Trees,Stable,1060
33,1985,207,Forest,Trees,NA,1061
33,2017,64,Forest,Trees,Stable,1061
33,1984,196,Forest,Trees,NA,1062
33,2017,70,Forest,Trees,Stable,1062
33,1984,365,Forest,Trees,NA,1063
33,1987,229,Forest,Trees,Stable,1063
33,1989,202,Forest,Trees,Harvest,1063
33,2016,221,Forest,Trees,Growth/Recovery,1063
33,1984,317,Forest,Trees,NA,1064
33,2009,249,Forest,Trees,Stable,1064
33,2010,212,Forest,Trees,Harvest,1064
33,2016,221,Forest,Trees,Growth/Recovery,1064
33,1984,317,Forest,Trees,NA,1065
33,2017,63,Forest,Trees,Stable,1065
33,1985,223,Forest,Non-tree,NA,1066
33,2016,221,Forest,Non-tree,Growth/Recovery,1066
33,1984,317,Forest,Trees,NA,1067
33,1999,206,Forest,Trees,Stable,1067
33,2000,225,Forest,Trees,Harvest,1067
33,2016,221,Forest,Trees,Growth/Recovery,1067
33,1984,317,Forest,Trees,NA,1068
33,2017,63,Forest,Trees,Stable,1068
33,1984,317,Forest,Trees,NA,1069
33,1999,222,Forest,Trees,Stable,1069
33,2000,225,Other,Non-tree,Wind,1069
33,2017,71,Forest,Trees,Growth/Recovery,1069
33,1984,317,Forest,Trees,NA,1070
33,2017,54,Forest,Trees,Stable,1070
33,1984,239,Forest,Trees,NA,1071
33,2017,49,Forest,Trees,Stable,1071
33,1984,317,Forest,Trees,NA,1072
33,2016,221,Forest,Trees,Stable,1072
33,1984,196,Forest,Trees,NA,1073
33,2017,70,Forest,Trees,Stable,1073
33,1984,164,Forest,Trees,NA,1074
33,2016,212,Forest,Trees,Stable,1074
33,1984,317,Forest,Trees,NA,1075
33,2003,217,Forest,Trees,Stable,1075
33,2004,204,Forest,Trees,Harvest,1075
33,2017,63,Forest,Trees,Growth/Recovery,1075
33,1984,196,Forest,Trees,NA,1076
33,2016,213,Forest,Trees,Stable,1076
33,1984,317,Forest,Trees,NA,1077
33,2017,71,Forest,Trees,Stable,1077
33,1984,196,Forest,Trees,NA,1078
33,2017,46,Forest,Trees,Stable,1078
33,1984,239,Forest,Trees,NA,1079
33,2016,199,Forest,Trees,Stable,1079
33,1984,317,Forest,Trees,NA,1080
33,2017,71,Forest,Trees,Stable,1080
33,1985,209,Forest,Trees,NA,1081
33,2017,73,Forest,Trees,Stable,1081
33,1984,317,Forest,Trees,NA,1082
33,2012,242,Forest,Trees,Stable,1082
33,2013,204,Forest,Trees,Harvest,1082
33,2016,221,Forest,Trees,Growth/Recovery,1082
33,1985,216,Forest,Trees,NA,1083
33,2017,56,Forest,Trees,Stable,1083
33,1984,196,Forest,Trees,NA,1084
33,2016,220,Forest,Trees,Stable,1084
33,1985,191,Forest,Trees,NA,1085
33,2016,213,Forest,Trees,Stable,1085
33,1984,317,Forest,Trees,NA,1086
33,2017,71,Forest,Trees,Stable,1086
33,1984,317,Forest,Trees,NA,1087
33,2008,207,Forest,Trees,Stable,1087
33,2009,218,Forest,Trees,Harvest,1087
33,2016,221,Forest,Trees,Growth/Recovery,1087
33,1984,196,Forest,Trees,NA,1088
33,2001,211,Forest,Trees,Stable,1088
33,2004,212,Forest,Trees,Decline,1088
33,2017,70,Forest,Trees,Growth/Recovery,1088
33,1984,317,Forest,Trees,NA,1089
33,1987,222,Forest,Trees,Stable,1089
33,1988,200,Other,Non-tree,Debris,1089
33,2016,221,Other,Non-tree,Stable,1089
33,1984,317,Forest,Trees,NA,1090
33,2017,64,Forest,Trees,Stable,1090
33,1984,196,Forest,Trees,NA,1091
33,1997,215,Forest,Trees,Stable,1091
33,1999,214,Forest,Trees,Harvest,1091
33,2016,212,Forest,Trees,Growth/Recovery,1091
33,1984,196,Forest,Trees,NA,1092
33,2017,70,Forest,Trees,Stable,1092
33,1984,317,Forest,Trees,NA,1093
33,2017,63,Forest,Trees,Stable,1093
33,1984,196,Forest,Trees,NA,1094
33,2016,220,Forest,Trees,Stable,1094
33,1985,184,Forest,Trees,NA,1095
33,2017,64,Forest,Trees,Stable,1095
33,1984,196,Forest,Trees,NA,1096
33,2017,70,Forest,Trees,Stable,1096
33,1984,317,Forest,Trees,NA,1097
33,2016,221,Forest,Trees,Stable,1097
33,1984,317,Forest,Trees,NA,1098
33,2017,63,Forest,Trees,Stable,1098
33,1984,317,Forest,Trees,NA,1099
33,2015,218,Forest,Trees,Stable,1099
33,2016,221,Forest,Non-tree,Harvest,1099
33,2017,47,Forest,Non-tree,Growth/Recovery,1099
33,1985,255,Forest,Trees,NA,1100
33,2016,221,Forest,Trees,Stable,1100
33,1985,216,Forest,Trees,NA,1101
33,2001,204,Forest,Trees,Stable,1101
33,2004,213,Forest,Trees,Decline,1101
33,2017,56,Forest,Trees,Growth/Recovery,1101
33,1985,232,Forest,Trees,NA,1102
33,2017,56,Forest,Trees,Stable,1102
33,1984,317,Forest,Trees,NA,1103
33,2016,237,Forest,Trees,Stable,1103
33,1985,200,Forest,Trees,NA,1104
33,2016,198,Forest,Trees,Stable,1104
33,1984,317,Forest,Trees,NA,1105
33,2016,221,Forest,Trees,Stable,1105
33,1984,317,Forest,Trees,NA,1106
33,2017,71,Forest,Trees,Stable,1106
33,1984,196,Forest,Trees,NA,1107
33,2017,55,Forest,Trees,Stable,1107
33,1984,317,Forest,Trees,NA,1108
33,2005,222,Forest,Trees,Stable,1108
33,2007,196,Forest,Trees,Harvest,1108
33,2017,47,Forest,Trees,Growth/Recovery,1108
33,1985,216,Forest,Trees,NA,1109
33,2016,199,Forest,Trees,Stable,1109
33,1985,232,Forest,Trees,NA,1110
33,2016,198,Forest,Trees,Stable,1110
33,1985,216,Forest,Trees,NA,1111
33,2016,214,Forest,Trees,Stable,1111
33,1984,196,Forest,Trees,NA,1112
33,2016,220,Forest,Trees,Stable,1112
33,1985,232,Forest,Trees,NA,1113
33,1987,222,Forest,Non-tree,Harvest,1113
33,2017,56,Forest,Trees,Growth/Recovery,1113
33,1984,239,Forest,Trees,NA,1114
33,2017,73,Forest,Trees,Stable,1114
33,1985,200,Forest,Trees,NA,1115
33,2016,206,Forest,Trees,Stable,1115
33,1984,317,Forest,Trees,NA,1116
33,2016,221,Forest,Trees,Stable,1116
33,1984,196,Forest,Trees,NA,1117
33,2007,212,Forest,Trees,Stable,1117
33,2008,222,Forest,Non-tree,Harvest,1117
33,2016,212,Forest,Trees,Growth/Recovery,1117
33,1984,196,Forest,Trees,NA,1118
33,2017,70,Forest,Trees,Stable,1118
33,1985,216,Forest,Trees,NA,1119
33,2016,214,Forest,Trees,Stable,1119
33,1985,248,Forest,Trees,NA,1120
33,2016,238,Forest,Trees,Stable,1120
33,1985,223,Forest,Trees,NA,1121
33,2017,63,Forest,Trees,Stable,1121
33,1985,216,Forest,Trees,NA,1122
33,2017,56,Forest,Trees,Stable,1122
33,1984,196,Forest,Trees,NA,1123
33,2001,211,Forest,Trees,Stable,1123
33,2003,216,Forest,Non-tree,Harvest,1123
33,2017,7,Forest,Trees,Growth/Recovery,1123
33,1984,317,Forest,Trees,NA,1124
33,2017,71,Forest,Trees,Stable,1124
33,1985,216,Forest,Trees,NA,1125
33,2017,24,Forest,Trees,Stable,1125
33,1984,271,Forest,Trees,NA,1126
33,2017,73,Forest,Trees,Stable,1126
33,1985,232,Forest,Trees,NA,1127
33,2017,56,Forest,Trees,Stable,1127
33,1984,196,Forest,Trees,NA,1128
33,2016,212,Forest,Trees,Stable,1128
33,1985,223,Forest,Trees,NA,1129
33,1999,222,Forest,Trees,Stable,1129
33,2000,225,Forest,Non-tree,Harvest,1129
33,2016,213,Forest,Trees,Growth/Recovery,1129
33,1985,216,Forest,Trees,NA,1130
33,2017,56,Forest,Trees,Stable,1130
33,1985,223,Forest,Trees,NA,1131
33,2016,221,Forest,Trees,Stable,1131
33,1984,196,Forest,Trees,NA,1132
33,1992,218,Forest,Trees,Stable,1132
33,1993,213,Forest,Trees,Harvest,1132
33,2016,220,Forest,Trees,Growth/Recovery,1132
33,1985,191,Forest,Trees,NA,1133
33,2017,63,Forest,Trees,Stable,1133
33,1985,223,Forest,Trees,NA,1134
33,2017,70,Forest,Trees,Stable,1134
33,1985,184,Forest,Trees,NA,1135
33,2016,238,Forest,Trees,Stable,1135
33,1984,317,Forest,Trees,NA,1136
33,2013,213,Forest,Trees,Stable,1136
33,2014,200,Forest,Trees,Harvest,1136
33,2016,221,Forest,Trees,Growth/Recovery,1136
33,1985,216,Forest,Trees,NA,1137
33,2017,56,Forest,Trees,Stable,1137
33,1984,317,Forest,Trees,NA,1138
33,2017,64,Forest,Trees,Stable,1138
